CREATE TABLE android_metadata (locale TEXT);

INSERT INTO android_metadata (locale) VALUES ('ko_KR');


CREATE TABLE conversations(
        id INTEGER PRIMARY KEY AUTOINCREMENT,
        phone_number TEXT,
        name TEXT,
        date TEXT
      );

INSERT INTO conversations (id, phone_number, name, date) VALUES ('1', '01065829015', '김현지', '2024-05-17 18:27:24.577669');
INSERT INTO conversations (id, phone_number, name, date) VALUES ('2', '01024741077', '장재성', '2024-05-17 18:27:30.120200');
INSERT INTO conversations (id, phone_number, name, date) VALUES ('3', '01053092041', '정소영', '2024-05-17 18:27:37.801470');
INSERT INTO conversations (id, phone_number, name, date) VALUES ('4', '01094753425', '조성호', '2024-05-17 18:27:53.653411');
INSERT INTO conversations (id, phone_number, name, date) VALUES ('5', '01065829015', '김현지', '2024-05-17 18:28:25.422508');
INSERT INTO conversations (id, phone_number, name, date) VALUES ('6', '01065829015', '김현지', '2024-05-17 18:29:01.239911');
INSERT INTO conversations (id, phone_number, name, date) VALUES ('7', '01065829015', '김현지', '2024-05-17 18:30:40.753271');
INSERT INTO conversations (id, phone_number, name, date) VALUES ('8', '01065829015', '김현지', '2024-05-17 18:33:14.087163');
INSERT INTO conversations (id, phone_number, name, date) VALUES ('9', '01065829015', '김현지', '2024-05-17 18:34:41.729995');
INSERT INTO conversations (id, phone_number, name, date) VALUES ('10', '01065829015', '김현지', '2024-05-17 18:37:50.029314');
INSERT INTO conversations (id, phone_number, name, date) VALUES ('11', '01065829015', '김현지', '2024-05-17 18:39:53.760592');
INSERT INTO conversations (id, phone_number, name, date) VALUES ('12', '01065829015', '김현지', '2024-05-17 18:46:54.716580');
INSERT INTO conversations (id, phone_number, name, date) VALUES ('13', '01065829015', '김현지', '2024-05-17 20:31:51.273488');
INSERT INTO conversations (id, phone_number, name, date) VALUES ('14', '01065829015', '김현지', '2024-05-17 20:49:11.941717');
INSERT INTO conversations (id, phone_number, name, date) VALUES ('15', '01065829015', '김현지', '2024-05-17 20:51:46.465765');
INSERT INTO conversations (id, phone_number, name, date) VALUES ('16', '01065829015', '김현지', '2024-05-17 21:22:32.707371');
INSERT INTO conversations (id, phone_number, name, date) VALUES ('17', '01065829015', '김현지', '2024-05-17 21:25:12.347732');
INSERT INTO conversations (id, phone_number, name, date) VALUES ('18', '01065829015', '김현지', '2024-05-17 21:29:04.885707');
INSERT INTO conversations (id, phone_number, name, date) VALUES ('19', '01077363991', '이지우', '2024-05-17 21:30:35.835176');
INSERT INTO conversations (id, phone_number, name, date) VALUES ('20', '01065829015', '김현지', '2024-05-17 21:34:14.560433');
INSERT INTO conversations (id, phone_number, name, date) VALUES ('21', '01065829015', '김현지', '2024-05-17 21:35:44.257213');
INSERT INTO conversations (id, phone_number, name, date) VALUES ('22', '01065829015', '김현지', '2024-05-17 21:36:28.165075');
INSERT INTO conversations (id, phone_number, name, date) VALUES ('23', '01065829015', '김현지', '2024-05-17 21:37:30.272211');
INSERT INTO conversations (id, phone_number, name, date) VALUES ('24', '01065829015', '김현지', '2024-05-17 21:38:46.977739');
INSERT INTO conversations (id, phone_number, name, date) VALUES ('25', '01065829015', '김현지', '2024-05-17 21:54:14.788814');
INSERT INTO conversations (id, phone_number, name, date) VALUES ('26', '01065829015', '김현지', '2024-05-17 22:01:05.053540');
INSERT INTO conversations (id, phone_number, name, date) VALUES ('27', '01065829015', '김현지', '2024-05-17 22:01:14.686635');
INSERT INTO conversations (id, phone_number, name, date) VALUES ('28', '01077363991', '이지우', '2024-05-17 22:06:28.895781');
INSERT INTO conversations (id, phone_number, name, date) VALUES ('29', '01065829015', '김현지', '2024-05-17 22:27:24.163717');
INSERT INTO conversations (id, phone_number, name, date) VALUES ('30', '01065829015', '김현지', '2024-05-17 22:28:48.715515');
INSERT INTO conversations (id, phone_number, name, date) VALUES ('31', '01077363991', '이지우', '2024-05-17 22:42:54.904693');
INSERT INTO conversations (id, phone_number, name, date) VALUES ('32', '01077363991', '이지우', '2024-05-17 22:43:28.804524');
INSERT INTO conversations (id, phone_number, name, date) VALUES ('33', '01077363991', '이지우', '2024-05-17 22:47:46.597777');
INSERT INTO conversations (id, phone_number, name, date) VALUES ('34', '01077363991', '이지우', '2024-05-17 22:59:52.140241');
INSERT INTO conversations (id, phone_number, name, date) VALUES ('35', '01065829015', '김현지', '2024-05-17 23:02:48.643743');
INSERT INTO conversations (id, phone_number, name, date) VALUES ('36', '01077363991', '이지우', '2024-05-17 23:17:21.472491');
INSERT INTO conversations (id, phone_number, name, date) VALUES ('37', '01077363991', '이지우', '2024-05-17 23:20:35.615373');
INSERT INTO conversations (id, phone_number, name, date) VALUES ('38', '01077363991', '이지우', '2024-05-17 23:22:58.257375');
INSERT INTO conversations (id, phone_number, name, date) VALUES ('39', '01077363991', '이지우', '2024-05-17 23:29:21.524332');
INSERT INTO conversations (id, phone_number, name, date) VALUES ('40', '01077363991', '이지우', '2024-05-17 23:34:07.325703');
INSERT INTO conversations (id, phone_number, name, date) VALUES ('41', '01077363991', '이지우', '2024-05-17 23:35:53.872981');
INSERT INTO conversations (id, phone_number, name, date) VALUES ('42', '01053092041', '정소영', '2024-05-19 03:00:28.278123');
INSERT INTO conversations (id, phone_number, name, date) VALUES ('43', '01094753425', '조성호', '2024-05-19 19:42:53.180085');
INSERT INTO conversations (id, phone_number, name, date) VALUES ('44', '01053092041', '정소영', '2024-05-19 20:35:01.712782');
INSERT INTO conversations (id, phone_number, name, date) VALUES ('45', '01022890712', '박중현', '2024-05-19 21:19:06.326040');
INSERT INTO conversations (id, phone_number, name, date) VALUES ('46', '01022890712', '박중현', '2024-05-19 21:19:57.313791');
INSERT INTO conversations (id, phone_number, name, date) VALUES ('47', '01022890712', '박중현', '2024-05-19 21:22:50.137924');
INSERT INTO conversations (id, phone_number, name, date) VALUES ('48', '01022890712', '박중현', '2024-05-19 21:23:25.397133');
INSERT INTO conversations (id, phone_number, name, date) VALUES ('49', '01022890712', '박중현', '2024-05-19 21:23:33.332044');
INSERT INTO conversations (id, phone_number, name, date) VALUES ('50', '01022890712', '박중현', '2024-05-19 21:23:50.385837');
INSERT INTO conversations (id, phone_number, name, date) VALUES ('51', '01022890712', '박중현', '2024-05-19 21:24:54.804453');
INSERT INTO conversations (id, phone_number, name, date) VALUES ('52', '01022890712', '박중현', '2024-05-19 21:31:51.395753');
INSERT INTO conversations (id, phone_number, name, date) VALUES ('53', '01022890712', '박중현', '2024-05-19 21:32:38.812425');
INSERT INTO conversations (id, phone_number, name, date) VALUES ('54', '01022890712', '박중현', '2024-05-19 21:33:43.789131');
INSERT INTO conversations (id, phone_number, name, date) VALUES ('55', '01022890712', '박중현', '2024-05-19 21:50:54.262707');
INSERT INTO conversations (id, phone_number, name, date) VALUES ('56', '01022890712', '박중현', '2024-05-19 22:04:23.796744');
INSERT INTO conversations (id, phone_number, name, date) VALUES ('57', '01022890712', '박중현', '2024-05-19 22:16:32.801038');
INSERT INTO conversations (id, phone_number, name, date) VALUES ('58', '01022890712', '박중현', '2024-05-19 22:17:52.345354');
INSERT INTO conversations (id, phone_number, name, date) VALUES ('59', '01022890712', '박중현', '2024-05-19 22:18:55.320946');
INSERT INTO conversations (id, phone_number, name, date) VALUES ('60', '01022890712', '박중현', '2024-05-19 22:45:57.548302');
INSERT INTO conversations (id, phone_number, name, date) VALUES ('61', '01022890712', '박중현', '2024-05-19 22:49:37.570369');
INSERT INTO conversations (id, phone_number, name, date) VALUES ('62', '01022890712', '박중현', '2024-05-19 22:54:50.856150');
INSERT INTO conversations (id, phone_number, name, date) VALUES ('63', '01022890712', '박중현', '2024-05-19 23:01:34.848062');
INSERT INTO conversations (id, phone_number, name, date) VALUES ('64', '01022890712', '박중현', '2024-05-19 23:05:22.882406');
INSERT INTO conversations (id, phone_number, name, date) VALUES ('65', '01022890712', '박중현', '2024-05-20 07:31:46.997650');
INSERT INTO conversations (id, phone_number, name, date) VALUES ('66', '01022890712', '박중현', '2024-05-20 07:32:46.557973');
INSERT INTO conversations (id, phone_number, name, date) VALUES ('67', '01022890712', '박중현', '2024-05-20 07:33:01.731362');
INSERT INTO conversations (id, phone_number, name, date) VALUES ('68', '01022890712', '박중현', '2024-05-20 07:35:41.953468');
INSERT INTO conversations (id, phone_number, name, date) VALUES ('69', '01022890712', '박중현', '2024-05-20 07:40:30.009795');
INSERT INTO conversations (id, phone_number, name, date) VALUES ('70', '01022890712', '박중현', '2024-05-20 07:43:38.274132');
INSERT INTO conversations (id, phone_number, name, date) VALUES ('71', '01022890712', '사회복지사', '2024-05-20 08:06:17.590218');
INSERT INTO conversations (id, phone_number, name, date) VALUES ('72', '01022890712', '사회복지사', '2024-05-20 08:09:49.372140');
INSERT INTO conversations (id, phone_number, name, date) VALUES ('73', '01022890712', '할아버지', '2024-05-20 08:24:57.704402');
INSERT INTO conversations (id, phone_number, name, date) VALUES ('74', '01022890712', '할아버지', '2024-05-20 08:26:01.526761');
INSERT INTO conversations (id, phone_number, name, date) VALUES ('75', '01022890712', '할아버지', '2024-05-20 08:28:07.821616');
INSERT INTO conversations (id, phone_number, name, date) VALUES ('76', '01022890712', '할아버지', '2024-05-20 08:30:32.279634');
INSERT INTO conversations (id, phone_number, name, date) VALUES ('77', '0102289071', '제주도민', '2024-05-20 08:32:13.236649');
INSERT INTO conversations (id, phone_number, name, date) VALUES ('78', '01022890712', '할아버지', '2024-05-20 08:32:48.243814');
INSERT INTO conversations (id, phone_number, name, date) VALUES ('79', '01022890712', '할아버지', '2024-05-20 08:36:51.059180');
INSERT INTO conversations (id, phone_number, name, date) VALUES ('80', '01022890712', '할아버지', '2024-05-20 08:41:45.333977');
INSERT INTO conversations (id, phone_number, name, date) VALUES ('81', '01022890712', '할아버지', '2024-05-20 08:45:57.968108');
INSERT INTO conversations (id, phone_number, name, date) VALUES ('82', '01094753425', '조성호', '2024-05-20 08:50:22.902001');
INSERT INTO conversations (id, phone_number, name, date) VALUES ('83', '01077363991', '이지우', '2024-05-20 08:50:43.776939');
INSERT INTO conversations (id, phone_number, name, date) VALUES ('84', '01053092041', '정소영', '2024-05-20 08:50:51.196360');
INSERT INTO conversations (id, phone_number, name, date) VALUES ('85', '01022890712', '할아버지', '2024-05-20 08:51:02.276853');


CREATE TABLE sqlite_sequence(name,seq);

INSERT INTO sqlite_sequence (name, seq) VALUES ('conversations', '85');
INSERT INTO sqlite_sequence (name, seq) VALUES ('messages', '748');


CREATE TABLE messages(
        id INTEGER PRIMARY KEY AUTOINCREMENT,
        conversation_id INTEGER,
        jeju_text TEXT,
        translated_text TEXT,
        timestamp TEXT,
        FOREIGN KEY (conversation_id) REFERENCES conversations (id)
      );

INSERT INTO messages (id, conversation_id, jeju_text, translated_text, timestamp) VALUES ('1', '5', '여보세요', '제잘', '18:28');
INSERT INTO messages (id, conversation_id, jeju_text, translated_text, timestamp) VALUES ('2', '5', '네 안녕하세요 사회복지센터에서 전화드렸습니다.', '네 안녕하세요 사회복지센터에서 전화드렸습니다.', '18:28');
INSERT INTO messages (id, conversation_id, jeju_text, translated_text, timestamp) VALUES ('3', '5', '안녕하고 가', '제잘', '18:28');
INSERT INTO messages (id, conversation_id, jeju_text, translated_text, timestamp) VALUES ('4', '5', '어떡하지.', '제잘', '18:28');
INSERT INTO messages (id, conversation_id, jeju_text, translated_text, timestamp) VALUES ('5', '5', NULL, NULL, '18:28');
INSERT INTO messages (id, conversation_id, jeju_text, translated_text, timestamp) VALUES ('6', '5', NULL, NULL, '18:28');
INSERT INTO messages (id, conversation_id, jeju_text, translated_text, timestamp) VALUES ('7', '6', '여보세요', '제잘', '18:29');
INSERT INTO messages (id, conversation_id, jeju_text, translated_text, timestamp) VALUES ('8', '6', '네 안녕하세요 사회복지센터에서 전화드렸습니다.', '네 안녕하세요 사회복지센터에서 전화드렸습니다.', '18:29');
INSERT INTO messages (id, conversation_id, jeju_text, translated_text, timestamp) VALUES ('9', '6', '안녕하고 가', '제잘', '18:29');
INSERT INTO messages (id, conversation_id, jeju_text, translated_text, timestamp) VALUES ('10', '6', '어떡하지.', '제잘', '18:29');
INSERT INTO messages (id, conversation_id, jeju_text, translated_text, timestamp) VALUES ('11', '6', NULL, NULL, '18:29');
INSERT INTO messages (id, conversation_id, jeju_text, translated_text, timestamp) VALUES ('12', '6', NULL, NULL, '18:29');
INSERT INTO messages (id, conversation_id, jeju_text, translated_text, timestamp) VALUES ('13', '8', '여보세요', '제잘', '18:33');
INSERT INTO messages (id, conversation_id, jeju_text, translated_text, timestamp) VALUES ('14', '8', '있을 거야', '제잘', '18:33');
INSERT INTO messages (id, conversation_id, jeju_text, translated_text, timestamp) VALUES ('15', '8', '아니 왜 60으로 했어 아니 아니라 어쨌든', '제잘', '18:33');
INSERT INTO messages (id, conversation_id, jeju_text, translated_text, timestamp) VALUES ('16', '8', '이수과 서 있으니까요', '있어요 서 있으니까요', '18:33');
INSERT INTO messages (id, conversation_id, jeju_text, translated_text, timestamp) VALUES ('17', '8', '네 안녕 네 안녕하세요.', '제잘', '18:33');
INSERT INTO messages (id, conversation_id, jeju_text, translated_text, timestamp) VALUES ('18', '8', '사회복지센터에서 전화드렸습니다.', '제잘', '18:34');
INSERT INTO messages (id, conversation_id, jeju_text, translated_text, timestamp) VALUES ('19', '8', '안녕하고 무사 나한테 전화해 마심.', '안녕하세요. 왜 저한테 전화 하셨어요?', '18:34');
INSERT INTO messages (id, conversation_id, jeju_text, translated_text, timestamp) VALUES ('20', '8', '성우 님 잘 지네고 계시는지 확인차 연락드렸어요. 저 지난번에 방문했던 사회복지사예요. 어디 아픈 데는 없으시죠?', '제잘', '18:34');
INSERT INTO messages (id, conversation_id, jeju_text, translated_text, timestamp) VALUES ('21', '8', '모르쿠다. 요새 왕이 아판.', '모르겠어요. 요즘 왕이 아파요.', '18:34');
INSERT INTO messages (id, conversation_id, jeju_text, translated_text, timestamp) VALUES ('22', '8', '어디가 아프시다고요. 잠시만 이거 빼야겠다. 뼈가 아니야.', '어디가 아프시다고요. 잠시만 이거 빼야겠네요. 꽝(뼈)가 아니에요.', '18:34');
INSERT INTO messages (id, conversation_id, jeju_text, translated_text, timestamp) VALUES ('23', '8', NULL, NULL, '18:34');
INSERT INTO messages (id, conversation_id, jeju_text, translated_text, timestamp) VALUES ('24', '8', NULL, NULL, '18:34');
INSERT INTO messages (id, conversation_id, jeju_text, translated_text, timestamp) VALUES ('25', '9', '여보세요', '제잘', '18:34');
INSERT INTO messages (id, conversation_id, jeju_text, translated_text, timestamp) VALUES ('26', '9', '있을 거야', '제잘', '18:34');
INSERT INTO messages (id, conversation_id, jeju_text, translated_text, timestamp) VALUES ('27', '9', '아니 왜 60으로 했어 아니 아니라 어쨌든', '제잘', '18:34');
INSERT INTO messages (id, conversation_id, jeju_text, translated_text, timestamp) VALUES ('28', '9', '이수과 서 있으니까요', '있어요 서 있으니까요', '18:34');
INSERT INTO messages (id, conversation_id, jeju_text, translated_text, timestamp) VALUES ('29', '9', '네 안녕 네 안녕하세요.', '제잘', '18:34');
INSERT INTO messages (id, conversation_id, jeju_text, translated_text, timestamp) VALUES ('30', '9', '사회복지센터에서 전화드렸습니다.', '제잘', '18:35');
INSERT INTO messages (id, conversation_id, jeju_text, translated_text, timestamp) VALUES ('31', '9', '안녕하고 무사 나한테 전화해 마심.', '안녕하세요. 왜 저에게 전화하셨어요?', '18:35');
INSERT INTO messages (id, conversation_id, jeju_text, translated_text, timestamp) VALUES ('32', '9', '성우 님 잘 지네고 계시는지 확인차 연락드렸어요. 저 지난번에 방문했던 사회복지사예요. 어디 아픈 데는 없으시죠?', '제잘', '18:35');
INSERT INTO messages (id, conversation_id, jeju_text, translated_text, timestamp) VALUES ('33', '9', '모르쿠다. 요새 왕이 아판.', '모르겠어요. 요즘 왕이 아파요.', '18:35');
INSERT INTO messages (id, conversation_id, jeju_text, translated_text, timestamp) VALUES ('34', '9', '어디가 아프시다고요. 잠시만 이거 빼야겠다. 뼈가 아니야.', '어디가 아프시다고요. 잠시만 이거 빼야겠네요. 꽝이 아니에요.', '18:35');
INSERT INTO messages (id, conversation_id, jeju_text, translated_text, timestamp) VALUES ('35', '9', NULL, NULL, '18:35');
INSERT INTO messages (id, conversation_id, jeju_text, translated_text, timestamp) VALUES ('36', '9', NULL, NULL, '18:35');
INSERT INTO messages (id, conversation_id, jeju_text, translated_text, timestamp) VALUES ('37', '10', '여보세요.', '제잘', '18:38');
INSERT INTO messages (id, conversation_id, jeju_text, translated_text, timestamp) VALUES ('38', '10', '네 안녕하세요 사회복지센터에서 전화드렸습니다.', '네 안녕하세요 사회복지센터에서 전화드렸습니다.', '18:38');
INSERT INTO messages (id, conversation_id, jeju_text, translated_text, timestamp) VALUES ('39', '10', '안녕하오까 무사 나한테 전화 해마심.', '안녕하세요 왜 저한테 전화 하셨어요?', '18:38');
INSERT INTO messages (id, conversation_id, jeju_text, translated_text, timestamp) VALUES ('40', '10', '성우 님 잘 지네고 계시는지 확인차 연락드렸어요. 저 지난번에 방문했던 사회복지사예요. 어디 아픈 데는 없으시죠?', '제잘', '18:38');
INSERT INTO messages (id, conversation_id, jeju_text, translated_text, timestamp) VALUES ('41', '10', '모르쿠다. 요새 꽝이 하한', '모르겠어요. 요즘 뼈가 한가해요', '18:38');
INSERT INTO messages (id, conversation_id, jeju_text, translated_text, timestamp) VALUES ('42', '10', '어디가 아프다고요?', '제잘', '18:38');
INSERT INTO messages (id, conversation_id, jeju_text, translated_text, timestamp) VALUES ('43', '10', '꽝이 아프다고 꽝이.', '뼈가 아프다고 뼈가.', '18:38');
INSERT INTO messages (id, conversation_id, jeju_text, translated_text, timestamp) VALUES ('44', '10', '무신거엔 고람신인지 모를 구게', '무슨 말인지 잘 모르겠습니다. 제잘', '18:38');
INSERT INTO messages (id, conversation_id, jeju_text, translated_text, timestamp) VALUES ('45', '10', '뼈가 아프시다고요. 내일 성우님 댁에 들릴 테니까 저랑 같이 병원 가봐요.', '뼝이 아프우꽈. 냘 성우님 또시에 들리쿠다 난 호끔 병원 가보게 마씸.', '18:38');
INSERT INTO messages (id, conversation_id, jeju_text, translated_text, timestamp) VALUES ('46', '10', '게메 마씸 고맙수다 확 옵서게. 근데 오늘 날씨는 어떤가.', '그러게요. 감사합니다. 어서오세요. 근데 오늘 날씨는 어떤가요?', '18:38');
INSERT INTO messages (id, conversation_id, jeju_text, translated_text, timestamp) VALUES ('47', '10', '네 오늘 밭일 도울 거 있어서 밖에 나왔는데 날씨가 많이 덥네요.', '네 오늘 밭일 도울 거 있어서 밖에 나왔는데 날씨가 많이 덥네요.', '18:39');
INSERT INTO messages (id, conversation_id, jeju_text, translated_text, timestamp) VALUES ('48', '10', '과랑과랑혼 베띠 이로젠 혼난소감정', '쨍쨍한 햇볕 아래 일하려니 힘든 소 감정', '18:39');
INSERT INTO messages (id, conversation_id, jeju_text, translated_text, timestamp) VALUES ('49', '10', '아니에요. 성.', '제잘', '18:39');
INSERT INTO messages (id, conversation_id, jeju_text, translated_text, timestamp) VALUES ('50', '10', '사모님이 일하시느라 더 수고하시죠.', '제잘', '18:39');
INSERT INTO messages (id, conversation_id, jeju_text, translated_text, timestamp) VALUES ('51', '11', '여튼 고생엔', '여튼 수고한다', '18:40');
INSERT INTO messages (id, conversation_id, jeju_text, translated_text, timestamp) VALUES ('52', '11', '네 내일 뵐게요. 마지막 있어.', '제잘', '18:40');
INSERT INTO messages (id, conversation_id, jeju_text, translated_text, timestamp) VALUES ('53', '11', '근데 조금 어서 나와.', '조금 빨리 나와.', '18:40');
INSERT INTO messages (id, conversation_id, jeju_text, translated_text, timestamp) VALUES ('54', '11', '여보세요.', '제잘', '18:40');
INSERT INTO messages (id, conversation_id, jeju_text, translated_text, timestamp) VALUES ('55', '11', '네 안녕하세요 사회복지센터에서 전화드렸습니다.', '네 안녕하세요 사회복지센터에서 전화드렸습니다.', '18:40');
INSERT INTO messages (id, conversation_id, jeju_text, translated_text, timestamp) VALUES ('56', '11', '안녕하오가 무사 나한테 전화 해마씸.', '안녕하세요가 왜 저한테 전화 하셨어요.', '18:40');
INSERT INTO messages (id, conversation_id, jeju_text, translated_text, timestamp) VALUES ('57', '11', '사모님 잘 지네고 계시는지.', '제잘', '18:40');
INSERT INTO messages (id, conversation_id, jeju_text, translated_text, timestamp) VALUES ('58', '11', '근데 좀 보이게 근데 그 말을 조금 더 우리 대화를 조금 더 천천히 해야 될 것 같아. 살짝 그래도 계속 밀리니까', '제잘', '18:40');
INSERT INTO messages (id, conversation_id, jeju_text, translated_text, timestamp) VALUES ('59', '11', '이거 솔직히 이미 이게 사실 해소된 거 보고 이러고 내가 대답하잖아. 한번 그렇게 진짜 해볼까 대답을.', '제잘', '18:40');
INSERT INTO messages (id, conversation_id, jeju_text, translated_text, timestamp) VALUES ('60', '11', '확인차 연락드렸어요. 저 지난번에 방문했던 사회복지사예요. 어디 아픈 데는 없으시죠?', '네. 잘 지내고 있어요. 걱정해줘서 고마워요.', '18:40');
INSERT INTO messages (id, conversation_id, jeju_text, translated_text, timestamp) VALUES ('61', '11', NULL, NULL, '18:40');
INSERT INTO messages (id, conversation_id, jeju_text, translated_text, timestamp) VALUES ('62', '11', '모르쿠다. 요새 꽝이 아판', '모르겠어요. 요즘 뼈가 아파서', '18:40');
INSERT INTO messages (id, conversation_id, jeju_text, translated_text, timestamp) VALUES ('63', '11', NULL, NULL, '18:40');
INSERT INTO messages (id, conversation_id, jeju_text, translated_text, timestamp) VALUES ('64', '11', '어디가 아프시다고요?', '제잘', '18:40');
INSERT INTO messages (id, conversation_id, jeju_text, translated_text, timestamp) VALUES ('65', '12', '여보세요.', '제잘', '18:47');
INSERT INTO messages (id, conversation_id, jeju_text, translated_text, timestamp) VALUES ('66', '12', '네 안녕하세요 사회복지센터에서 전화드렸습니다.', '네 안녕하세요 사회복지센터에서 전화드렸습니다.', '18:47');
INSERT INTO messages (id, conversation_id, jeju_text, translated_text, timestamp) VALUES ('67', '12', '안녕하오가 무사 나한테 전화 해마씸.', '안녕하세요가 왜 저한테 전화 하셨어요?', '18:47');
INSERT INTO messages (id, conversation_id, jeju_text, translated_text, timestamp) VALUES ('68', '12', '사모님 잘 지네고 계시는지.', '제잘', '18:47');
INSERT INTO messages (id, conversation_id, jeju_text, translated_text, timestamp) VALUES ('69', '12', '확인차 연락드렸어요. 저 지난번에 방문했던 사회복지사예요. 어디 아픈 데는 없으시죠?', '네. 잘 지내고 있어요. 걱정해줘서 고마워요.', '18:47');
INSERT INTO messages (id, conversation_id, jeju_text, translated_text, timestamp) VALUES ('70', '12', '모르쿠다. 요새 꽝이 아판', '모르겠어요. 요즘 뼈가 아파서', '18:47');
INSERT INTO messages (id, conversation_id, jeju_text, translated_text, timestamp) VALUES ('71', '12', '어디가 아프시다고요?', '제잘', '18:47');
INSERT INTO messages (id, conversation_id, jeju_text, translated_text, timestamp) VALUES ('72', '12', '꽝이 아프다고 꽝이 무신거엔 고람 신디 뭘로 크게', '뼈가 아프다고 뼈가 무슨 거냐고 하는데 뭘로 크게', '18:47');
INSERT INTO messages (id, conversation_id, jeju_text, translated_text, timestamp) VALUES ('73', '12', '잠시만요. 번역기 좀 안 하.', '제잘', '18:47');
INSERT INTO messages (id, conversation_id, jeju_text, translated_text, timestamp) VALUES ('74', '12', '난가 보다 나 갑자기 안 와 나도 안 와 아니 안 끝났어', '제잘', '18:47');
INSERT INTO messages (id, conversation_id, jeju_text, translated_text, timestamp) VALUES ('75', '12', '여보세요 네 안녕하세요 사회복지센터에서 전화드렸습니다.', '네, 안녕하세요. 사회복지센터에서 전화드렸습니다.', '18:47');
INSERT INTO messages (id, conversation_id, jeju_text, translated_text, timestamp) VALUES ('76', '12', '안녕하오까 무사 나한테 전화 마심', '안녕하세요 왜 저한테 전화 안 하세요', '18:47');
INSERT INTO messages (id, conversation_id, jeju_text, translated_text, timestamp) VALUES ('77', '12', '지금 어 그니까 말하기 시작', '제잘', '18:47');
INSERT INTO messages (id, conversation_id, jeju_text, translated_text, timestamp) VALUES ('78', '12', '이거 이거 옛날 옛날 오류잖아 옛날 오류.', '제잘', '18:47');
INSERT INTO messages (id, conversation_id, jeju_text, translated_text, timestamp) VALUES ('79', '12', NULL, NULL, '18:47');
INSERT INTO messages (id, conversation_id, jeju_text, translated_text, timestamp) VALUES ('80', '12', NULL, NULL, '18:47');
INSERT INTO messages (id, conversation_id, jeju_text, translated_text, timestamp) VALUES ('81', '20', '여보세요.', '제잘', '21:34');
INSERT INTO messages (id, conversation_id, jeju_text, translated_text, timestamp) VALUES ('82', '20', '예 삼춘 식사는 해피감', '네 어르신 식사는 하셨어요', '21:34');
INSERT INTO messages (id, conversation_id, jeju_text, translated_text, timestamp) VALUES ('83', '20', '아니 아직 안 먹었어.', '제잘', '21:34');
INSERT INTO messages (id, conversation_id, jeju_text, translated_text, timestamp) VALUES ('84', '20', '못 싸게 시간 영웅 될 때까지 밥도 안 먹어 뭐 할 수가.', '빨리 시간 영웅 될 때까지 밥도 안 먹고 뭐 할 수가.', '21:34');
INSERT INTO messages (id, conversation_id, jeju_text, translated_text, timestamp) VALUES ('85', '20', '일하느라 못 먹었지', '제잘', '21:34');
INSERT INTO messages (id, conversation_id, jeju_text, translated_text, timestamp) VALUES ('86', '20', '맛있겠네 좋아', '제잘', '21:34');
INSERT INTO messages (id, conversation_id, jeju_text, translated_text, timestamp) VALUES ('87', '20', '예 재기재기 나옵서양', '빨리 나오세요', '21:34');
INSERT INTO messages (id, conversation_id, jeju_text, translated_text, timestamp) VALUES ('88', '20', '그래 가게 앞에.', '제잘', '21:34');
INSERT INTO messages (id, conversation_id, jeju_text, translated_text, timestamp) VALUES ('89', '20', '집에서 보자', '제잘', '21:35');
INSERT INTO messages (id, conversation_id, jeju_text, translated_text, timestamp) VALUES ('90', '20', '알았수다', '알겠습니다', '21:35');
INSERT INTO messages (id, conversation_id, jeju_text, translated_text, timestamp) VALUES ('91', '20', '진짜 진짜 이어는데 근데 지금 너무 다행', '제잘', '21:35');
INSERT INTO messages (id, conversation_id, jeju_text, translated_text, timestamp) VALUES ('92', '20', '지금 STT랑 번역 완벽해 진짜 아니다.', '제잘', '21:35');
INSERT INTO messages (id, conversation_id, jeju_text, translated_text, timestamp) VALUES ('93', '20', '잘 나왔다. 이 정도면 잘 나왔어. 바로 바로', '제잘', '21:35');
INSERT INTO messages (id, conversation_id, jeju_text, translated_text, timestamp) VALUES ('94', '20', '근데 아직 조금 느리다. 많이 느리다. 그래도 아직 많이 그러면은 우리 더.', '제잘', '21:35');
INSERT INTO messages (id, conversation_id, jeju_text, translated_text, timestamp) VALUES ('95', '20', '더 천천히 해야 돼 알겠지.', '제잘', '21:35');
INSERT INTO messages (id, conversation_id, jeju_text, translated_text, timestamp) VALUES ('96', '20', NULL, NULL, '21:35');
INSERT INTO messages (id, conversation_id, jeju_text, translated_text, timestamp) VALUES ('97', '20', NULL, NULL, '21:35');
INSERT INTO messages (id, conversation_id, jeju_text, translated_text, timestamp) VALUES ('98', '21', '이제 승현 오빠가 네. 이제 통화를 걸었는데요. 맞다.', '제잘', '21:35');
INSERT INTO messages (id, conversation_id, jeju_text, translated_text, timestamp) VALUES ('99', '21', NULL, NULL, '21:35');
INSERT INTO messages (id, conversation_id, jeju_text, translated_text, timestamp) VALUES ('100', '21', NULL, NULL, '21:35');
INSERT INTO messages (id, conversation_id, jeju_text, translated_text, timestamp) VALUES ('101', '22', NULL, NULL, '21:36');
INSERT INTO messages (id, conversation_id, jeju_text, translated_text, timestamp) VALUES ('102', '22', NULL, NULL, '21:36');
INSERT INTO messages (id, conversation_id, jeju_text, translated_text, timestamp) VALUES ('103', '23', '어.', '제잘', '21:37');
INSERT INTO messages (id, conversation_id, jeju_text, translated_text, timestamp) VALUES ('104', '23', '여보세요.', '제잘', '21:38');
INSERT INTO messages (id, conversation_id, jeju_text, translated_text, timestamp) VALUES ('105', '23', '예 삼춘 식사는 햇빛깡', '네 어르신 식사는 하셨나요?', '21:38');
INSERT INTO messages (id, conversation_id, jeju_text, translated_text, timestamp) VALUES ('106', '23', '아니 아직 안 먹었어', '제잘', '21:38');
INSERT INTO messages (id, conversation_id, jeju_text, translated_text, timestamp) VALUES ('107', '23', '못 사게 근데 잠깐만 26분.', '제잘', '21:38');
INSERT INTO messages (id, conversation_id, jeju_text, translated_text, timestamp) VALUES ('108', '23', NULL, NULL, '21:38');
INSERT INTO messages (id, conversation_id, jeju_text, translated_text, timestamp) VALUES ('109', '23', NULL, NULL, '21:38');
INSERT INTO messages (id, conversation_id, jeju_text, translated_text, timestamp) VALUES ('110', '24', '여보세요.', '제잘', '21:39');
INSERT INTO messages (id, conversation_id, jeju_text, translated_text, timestamp) VALUES ('111', '24', NULL, NULL, '21:39');
INSERT INTO messages (id, conversation_id, jeju_text, translated_text, timestamp) VALUES ('112', '24', NULL, NULL, '21:39');
INSERT INTO messages (id, conversation_id, jeju_text, translated_text, timestamp) VALUES ('113', '25', '여보세요', '제잘', '21:54');
INSERT INTO messages (id, conversation_id, jeju_text, translated_text, timestamp) VALUES ('114', '25', '여보세요. 네. 안녕하세요 사회복지센터에서 전화드렸습니다.', '네. 안녕하세요 사회복지센터 입니다.', '21:54');
INSERT INTO messages (id, conversation_id, jeju_text, translated_text, timestamp) VALUES ('115', '25', '키과 무사가 나한테 전화 해마심.', '키와 무슨 일로 저한테 전화 하셨어요?', '21:54');
INSERT INTO messages (id, conversation_id, jeju_text, translated_text, timestamp) VALUES ('116', '25', '어르신 잘 지네고 계시는지 확인차 연락드렸어요. 저 지난번에 방문했던 사회복지사예요. 어디 아픈 데는 없으시죠?', '어르신 잘 지내고 계시는지 확인 차 연락드렸어요. 저 지난번 에 방문 했던 사회 복지사예요. 어디 아픈 데는 없으시죠?', '21:54');
INSERT INTO messages (id, conversation_id, jeju_text, translated_text, timestamp) VALUES ('117', '25', '머리 크다. 요새 꽝이 아판', '머리가 커요. 요즘 뼈가 아파요.', '21:55');
INSERT INTO messages (id, conversation_id, jeju_text, translated_text, timestamp) VALUES ('118', '25', '어디가 아프시다.', '어디가 아프시다.', '21:55');
INSERT INTO messages (id, conversation_id, jeju_text, translated_text, timestamp) VALUES ('119', '25', '꽝이 아프다고 꽝이 무신 거옌 보람 씬디 뭐를 크게', '뼈가 아프다고 뼈가 무슨 거라고 보람 신는데 뭐를 크게', '21:55');
INSERT INTO messages (id, conversation_id, jeju_text, translated_text, timestamp) VALUES ('120', '25', '뼈가 아프시다고요 내일 어르신 댁에 들릴 테니까 저랑 같이 병원 가봐요.', '제주도 말로 "꽝이 아프댄 허난, 내일 삼춘네 집에 들리커매 나가 호끔이라도 더 알주게 병언 강 봅서." 라고 합니다.', '21:55');
INSERT INTO messages (id, conversation_id, jeju_text, translated_text, timestamp) VALUES ('121', '25', '개.', '제잘', '21:55');
INSERT INTO messages (id, conversation_id, jeju_text, translated_text, timestamp) VALUES ('122', '25', '말씀 고맙수다 곡석에 근데 오늘 날씨는 어떤 하우꽈 맨도롱 하우꽈.', '말씀 고맙습니다. 근데 오늘 날씨는 어떤가요? 따뜻한가요?', '21:55');
INSERT INTO messages (id, conversation_id, jeju_text, translated_text, timestamp) VALUES ('123', '25', '지금 맨도롱 하우꽈가 안 오네. 맞다. 네. 오늘 밭일 도울 거 있어서 밖에 나왔는데 날씨가 많이 덥네요.', '지금 따뜻합니까가 안 오네. 맞습니다. 네. 오늘 밭일 도울 것이 있어서 밖에 나왔는데 날씨가 많이 덥네요.', '21:55');
INSERT INTO messages (id, conversation_id, jeju_text, translated_text, timestamp) VALUES ('124', '25', '과랑 과랑운 베티 이로젠 호난.', '쨍쨍 햇볕이 비치려고 하니까.', '21:55');
INSERT INTO messages (id, conversation_id, jeju_text, translated_text, timestamp) VALUES ('125', '25', NULL, NULL, '21:55');
INSERT INTO messages (id, conversation_id, jeju_text, translated_text, timestamp) VALUES ('126', '27', '여보세요', '제잘', '22:01');
INSERT INTO messages (id, conversation_id, jeju_text, translated_text, timestamp) VALUES ('127', '27', '여보세요. 네. 안녕하세요 사회복지센터에서 전화드렸습니다.', '네. 안녕하세요 사회복지센터에서 전화드렸습니다.', '22:01');
INSERT INTO messages (id, conversation_id, jeju_text, translated_text, timestamp) VALUES ('128', '27', '키과 무사가 나한테 전화 해마심.', '왜 형님이 저한테 전화 하셨어요?', '22:01');
INSERT INTO messages (id, conversation_id, jeju_text, translated_text, timestamp) VALUES ('129', '27', '어르신 잘 지네고 계시는지 확인차 연락드렸어요. 저 지난번에 방문했던 사회복지사예요. 어디 아픈 데는 없으시죠?', '어르신 잘 지내고 계시는지 확인 차 연락드렸어요. 저 저번에 방문했던 사회복지사예요. 어디 아프신 데는 없으시죠?', '22:01');
INSERT INTO messages (id, conversation_id, jeju_text, translated_text, timestamp) VALUES ('130', '27', '머리 크다. 요새 꽝이 아판', '머리가 크다. 요즘 뼈가 아파', '22:01');
INSERT INTO messages (id, conversation_id, jeju_text, translated_text, timestamp) VALUES ('131', '27', '어디가 아프시다.', '어디가 아프시다.', '22:01');
INSERT INTO messages (id, conversation_id, jeju_text, translated_text, timestamp) VALUES ('132', '27', '꽝이 아프다고 꽝이 무신 거옌 보람 씬디 뭐를 크게', '뼈가 아프다고 뼈가 무슨 거라고 하는데 뭐를 크게', '22:01');
INSERT INTO messages (id, conversation_id, jeju_text, translated_text, timestamp) VALUES ('133', '27', '여보세요 네 안녕하세요 사회복지센터에서 전화드렸습니다.', '네, 안녕하세요. 사회복지센터에서 전화드렸습니다.', '22:01');
INSERT INTO messages (id, conversation_id, jeju_text, translated_text, timestamp) VALUES ('134', '27', '뼈가 아프시다고요 내일 어르신 댁에 들릴 테니까 저랑 같이 병원 가봐요.', '제주도 말로 "꽝이 아프댄 허난, 내일 삼춘네 집에 들리커매 나가 고치 병원 가보게 마씸." 입니다.', '22:01');
INSERT INTO messages (id, conversation_id, jeju_text, translated_text, timestamp) VALUES ('135', '27', '개.', '제잘', '22:01');
INSERT INTO messages (id, conversation_id, jeju_text, translated_text, timestamp) VALUES ('136', '27', '말씀 고맙수다 곡석에 근데 오늘 날씨는 어떤 하우꽈 맨도롱 하우꽈.', '말씀 감사합니다. 그런데 오늘 날씨는 어떤가요? 따뜻한가요?', '22:01');
INSERT INTO messages (id, conversation_id, jeju_text, translated_text, timestamp) VALUES ('137', '27', '지금 맨도롱 하우꽈가 안 오네. 맞다. 네. 오늘 밭일 도울 거 있어서 밖에 나왔는데 날씨가 많이 덥네요.', '지금 따뜻합니까가 안 오네. 네. 오늘 밭일 도울 게 있어서 밖에 나왔는데 날씨가 많이 덥네요.', '22:01');
INSERT INTO messages (id, conversation_id, jeju_text, translated_text, timestamp) VALUES ('138', '27', '과랑 과랑운 베티 이로젠 호난.', '햇빛이 쨍쨍한 날씨가 이어지려고 하니.', '22:01');
INSERT INTO messages (id, conversation_id, jeju_text, translated_text, timestamp) VALUES ('139', '27', '키과 무사 나한테 전화해 마심', '왜 저한테 전화하셨어요?', '22:01');
INSERT INTO messages (id, conversation_id, jeju_text, translated_text, timestamp) VALUES ('140', '27', NULL, NULL, '22:01');
INSERT INTO messages (id, conversation_id, jeju_text, translated_text, timestamp) VALUES ('141', '27', '소감춰 지금 끊으라고.', '소리 낮춰 지금 끊으라고.', '22:01');
INSERT INTO messages (id, conversation_id, jeju_text, translated_text, timestamp) VALUES ('142', '27', NULL, NULL, '22:01');
INSERT INTO messages (id, conversation_id, jeju_text, translated_text, timestamp) VALUES ('143', '27', '어르신 잘 지네고 계시는지 확인차 연락드렸어요. 저 지난번에 방문했던 사회복지사예요. 어디 아픈 데는 없으시죠?', '어르신 잘 지내고 계시는지 확인 차 연락드렸어요. 저 지난번 에 방문 했던 사회 복지사예요. 어디 아픈 데는 없으시죠?', '22:01');
INSERT INTO messages (id, conversation_id, jeju_text, translated_text, timestamp) VALUES ('144', '27', '모르쿠다. 요새 꽝이.', '모르겠어요. 요즘 뼈가.', '22:02');
INSERT INTO messages (id, conversation_id, jeju_text, translated_text, timestamp) VALUES ('145', '28', '사업가', '제잘', '22:06');
INSERT INTO messages (id, conversation_id, jeju_text, translated_text, timestamp) VALUES ('146', '28', '여보세요. 네. 안녕하세요 사회복지센터에서 전화드렸습니다.', '네. 안녕하세요 사회복지센터 입니다.', '22:06');
INSERT INTO messages (id, conversation_id, jeju_text, translated_text, timestamp) VALUES ('147', '28', '키과 무사 나한테 전화해 마심', '왜 저한테 전화하셨어요?', '22:07');
INSERT INTO messages (id, conversation_id, jeju_text, translated_text, timestamp) VALUES ('148', '28', '어르', '어르신', '22:07');
INSERT INTO messages (id, conversation_id, jeju_text, translated_text, timestamp) VALUES ('149', '28', '잘 지네고 계시는지 확인', '제잘', '22:07');
INSERT INTO messages (id, conversation_id, jeju_text, translated_text, timestamp) VALUES ('150', '28', '연락드렸어요. 저 지난번에 방문했던 사회복지사예요. 어디 아픈 데는 없으시죠?', '연락드렸어요. 저 저번에 찾아뵀던 사회복지사예요. 어디 편찮으신 데는 없으시고요?', '22:07');
INSERT INTO messages (id, conversation_id, jeju_text, translated_text, timestamp) VALUES ('151', '28', '머를 크다.', '무엇이 크다.', '22:07');
INSERT INTO messages (id, conversation_id, jeju_text, translated_text, timestamp) VALUES ('152', '28', '요새 꽝이 아판', '요즘 뼈가 아파', '22:07');
INSERT INTO messages (id, conversation_id, jeju_text, translated_text, timestamp) VALUES ('153', '28', '어디가 아프시다고요', '제잘', '22:07');
INSERT INTO messages (id, conversation_id, jeju_text, translated_text, timestamp) VALUES ('154', '28', '꽝이 아프다고 꽝이 무신거엔 고람 신디 몰룩하게', '뼈가 아프다고 뼈가 무슨 것인지 모른다고 하게', '22:07');
INSERT INTO messages (id, conversation_id, jeju_text, translated_text, timestamp) VALUES ('155', '28', '뼈가 없어.', '제주도 말로 "꽝"은 표준어로 "뼈"라는 뜻이야. 그래서 뼈가 없다는 것은 "꽝 엇수다." 라고 표현 할 수 있어.', '22:07');
INSERT INTO messages (id, conversation_id, jeju_text, translated_text, timestamp) VALUES ('156', '28', '내일 어르신 댁에 들릴 테니까 저랑 같이 병원 가봐요.', '내일 삼춘 댁에 들릴 테니까 저랑 같이 병원 가봐요.', '22:07');
INSERT INTO messages (id, conversation_id, jeju_text, translated_text, timestamp) VALUES ('157', '28', '개미 마씸 고맙수다. 확 없어게. 근데 오늘 날씨는 어떤 하우꽈 맨도롱 하우꽈.', '개미 맞습니다. 고맙습니다. 확실하게 없애드릴게요. 근데 오늘 날씨는 어떤가요? 따뜻한가요?', '22:07');
INSERT INTO messages (id, conversation_id, jeju_text, translated_text, timestamp) VALUES ('158', '28', '네 오늘 밭일 도울 거 있어서 밖에 나왔는데 날씨가 많이 덥네요.', '네 오늘 밭일 도울 거 있어서 밖에 나왔는데 날씨가 많이 덥네요.', '22:08');
INSERT INTO messages (id, conversation_id, jeju_text, translated_text, timestamp) VALUES ('159', '28', '과랑 과랑혼 베티 이로젠 원하는 소감 저', '쨍쨍 맑은 햇볕 아래 이렇게 모여서 원하는 소원 빌어', '22:08');
INSERT INTO messages (id, conversation_id, jeju_text, translated_text, timestamp) VALUES ('160', '28', '아니에요. 어르신이 일하시느라 더 수고하.', '제주도 사투리인 "속암져"를 표준어로 바꾸면 "수고한다" 라는 뜻 입니다. 따라서, 아니에요. 어르신이 일하시느라 더 수고하세요. 로 번역할 수 있습니다.', '22:08');
INSERT INTO messages (id, conversation_id, jeju_text, translated_text, timestamp) VALUES ('161', '28', NULL, NULL, '22:08');
INSERT INTO messages (id, conversation_id, jeju_text, translated_text, timestamp) VALUES ('162', '29', '여보세요', '제잘', '22:28');
INSERT INTO messages (id, conversation_id, jeju_text, translated_text, timestamp) VALUES ('163', '29', '네 안녕하세요 사회복지센터에서 전화드렸습니다.', '네 안녕하세요 사회복지센터에서 전화드렸습니다.', '22:28');
INSERT INTO messages (id, conversation_id, jeju_text, translated_text, timestamp) VALUES ('164', '29', '기꽈. 무사 나한테 전화해 마심.', '그래요. 왜 저한테 전화하셨어요?', '22:28');
INSERT INTO messages (id, conversation_id, jeju_text, translated_text, timestamp) VALUES ('165', '29', '어르신 잘 지네고 계시는지 확인차 연락드렸어요. 저 지난번에 방문했던 사회 지금 잠깐만 지금 안 될 것 같아요.', '어르신 잘 지내고 계시는지 확인 차 연락 드렸어요. 저 저번에 방문 했던 사회 지금 잠깐 만 지금 안 될 것 같아요.', '22:28');
INSERT INTO messages (id, conversation_id, jeju_text, translated_text, timestamp) VALUES ('166', '29', '난 잘 나오는데 가이.', '전 잘 나오는데 가요.', '22:28');
INSERT INTO messages (id, conversation_id, jeju_text, translated_text, timestamp) VALUES ('167', '29', NULL, NULL, '22:28');
INSERT INTO messages (id, conversation_id, jeju_text, translated_text, timestamp) VALUES ('168', '30', NULL, NULL, '22:29');
INSERT INTO messages (id, conversation_id, jeju_text, translated_text, timestamp) VALUES ('169', '31', '여보세요.', '제잘', '22:43');
INSERT INTO messages (id, conversation_id, jeju_text, translated_text, timestamp) VALUES ('170', '31', NULL, NULL, '22:43');
INSERT INTO messages (id, conversation_id, jeju_text, translated_text, timestamp) VALUES ('171', '32', '여보세요', '제잘', '22:43');
INSERT INTO messages (id, conversation_id, jeju_text, translated_text, timestamp) VALUES ('172', '32', '네 안녕하세요 사회복지센터에서 전화드렸습니다.', '네 안녕하세요 사회복지센터에서 전화드렸습니다.', '22:43');
INSERT INTO messages (id, conversation_id, jeju_text, translated_text, timestamp) VALUES ('173', '32', '키과 무사 나한테 전화해 마심', '왜 저한테 전화 하셨어요?', '22:44');
INSERT INTO messages (id, conversation_id, jeju_text, translated_text, timestamp) VALUES ('174', '32', '어르신 잘 지네고 계시는지 확인차 연락드렸어요. 저 지난번에 방문했던 사회복지사에요. 어디 아픈 데는 없으시죠?', '어르신 잘 지내고 계시는지 확인 차 연락드렸어요. 저 지난번 에 방문했던 사회복지사예요. 어디 아픈 데는 없으시죠?', '22:44');
INSERT INTO messages (id, conversation_id, jeju_text, translated_text, timestamp) VALUES ('175', '32', '모르겐 요새 꽝이 아판', '모르겠어요. 요즘 뼈가 아파요.', '22:44');
INSERT INTO messages (id, conversation_id, jeju_text, translated_text, timestamp) VALUES ('176', '32', '어디가 아프시다고요', '제잘', '22:44');
INSERT INTO messages (id, conversation_id, jeju_text, translated_text, timestamp) VALUES ('177', '32', '꽝이 아프다고 꽝이 무신거인 보람이신지 모르게.', '뼈가 아프다고 뼈가 무엇인지 모르는 것 같아요.', '22:44');
INSERT INTO messages (id, conversation_id, jeju_text, translated_text, timestamp) VALUES ('178', '32', '뼈가 아프시다고요. 내일 어르신 댁에 들릴 테니까 저랑 같이 병원 가봐요.', '제주도 말로 "꽝이 아프댄 허난, 내일 삼춘네 집에 들리커매 나가 고치 병원 가보게 마씀." 이라고 합니다.', '22:44');
INSERT INTO messages (id, conversation_id, jeju_text, translated_text, timestamp) VALUES ('179', '32', '개미의 말씀 고맙수다. 확 없어게. 근데 오늘 날씨는 어떠하오까.', '개미의 말씀 감사합니다. 확실하게 없애겠습니다. 근데 오늘 날씨는 어떤가요?', '22:44');
INSERT INTO messages (id, conversation_id, jeju_text, translated_text, timestamp) VALUES ('180', '32', '네 오늘 밭일 도울 거 있어서 밖에 나왔는데 날씨가 많이 덥네요.', '네 오늘 밭일 도울 거 있어서 밖에 나왔는데 날씨가 많이 덥네요.', '22:45');
INSERT INTO messages (id, conversation_id, jeju_text, translated_text, timestamp) VALUES ('181', '32', '과랑과랑온 배티 일호젠 혼난 소감 저.', '쨍쨍 더운 밭에서 일하려고 하니 수고 많으시네요.', '22:45');
INSERT INTO messages (id, conversation_id, jeju_text, translated_text, timestamp) VALUES ('182', '32', '아니에요. 어르신이 일하시느라 더 수고하시죠', '제주도 사투리로는 "아니우다. 삼춘이 일허젠 허난 속암져마씸." 입니다.', '22:45');
INSERT INTO messages (id, conversation_id, jeju_text, translated_text, timestamp) VALUES ('183', '32', '여튼 고생해 들어가서 얘 네 내일 뵐게요. 복사 수고하세요.', '제잘', '22:45');
INSERT INTO messages (id, conversation_id, jeju_text, translated_text, timestamp) VALUES ('184', '32', NULL, NULL, '22:45');
INSERT INTO messages (id, conversation_id, jeju_text, translated_text, timestamp) VALUES ('185', '32', NULL, NULL, '22:45');
INSERT INTO messages (id, conversation_id, jeju_text, translated_text, timestamp) VALUES ('186', '33', '예 삼춘 식사는 해.', '네 어르신 식사는 하셨어요?', '22:48');
INSERT INTO messages (id, conversation_id, jeju_text, translated_text, timestamp) VALUES ('187', '33', '아니 아직 안 먹었어.', '제잘', '22:48');
INSERT INTO messages (id, conversation_id, jeju_text, translated_text, timestamp) VALUES ('188', '33', '무사게 시간 0 될 때까지 밥도 안 먹으면 뭐 했어', '무사게 시간 0 될 때까지 밥도 안 먹으민 뭐 허우꽈?', '22:48');
INSERT INTO messages (id, conversation_id, jeju_text, translated_text, timestamp) VALUES ('189', '33', '일하느라 못 먹었어.', '제잘', '22:48');
INSERT INTO messages (id, conversation_id, jeju_text, translated_text, timestamp) VALUES ('190', '33', '개은 나 맛존디 하는디 신디.', '좋은 나는 맛있는 곳인데 있는데.', '22:48');
INSERT INTO messages (id, conversation_id, jeju_text, translated_text, timestamp) VALUES ('191', '33', '그디 가그넹 또또한 괴기국시영 돔배개기형 먹게 마씸', '거기 가서 따끈따끈한 고기국수와 돔베고기 형 먹게요', '22:48');
INSERT INTO messages (id, conversation_id, jeju_text, translated_text, timestamp) VALUES ('192', '33', '맛있겠네 좋아', '제잘', '22:48');
INSERT INTO messages (id, conversation_id, jeju_text, translated_text, timestamp) VALUES ('193', '33', '예 재기재기 나옵서양', '네 빨리빨리 나오세요', '22:48');
INSERT INTO messages (id, conversation_id, jeju_text, translated_text, timestamp) VALUES ('194', '33', '그래 가게 앞에서 보자.', '제잘', '22:48');
INSERT INTO messages (id, conversation_id, jeju_text, translated_text, timestamp) VALUES ('195', '33', NULL, NULL, '22:48');
INSERT INTO messages (id, conversation_id, jeju_text, translated_text, timestamp) VALUES ('196', '34', '여보세요', '제잘', '23:00');
INSERT INTO messages (id, conversation_id, jeju_text, translated_text, timestamp) VALUES ('197', '34', '예 삼촌 식사는 해.', '네 어르신 식사는 하셨어요?', '23:00');
INSERT INTO messages (id, conversation_id, jeju_text, translated_text, timestamp) VALUES ('198', '34', '아니야 아직 안 먹었어.', '제잘', '23:00');
INSERT INTO messages (id, conversation_id, jeju_text, translated_text, timestamp) VALUES ('199', '34', '무사게 시간 일이 될 때까지 밥도 안 먹으면 뭐 했어', '무슨 일이 그렇게 바쁘길래 밥도 안 먹고 계속 한 거야', '23:00');
INSERT INTO messages (id, conversation_id, jeju_text, translated_text, timestamp) VALUES ('200', '34', '일하느라 못 먹었어', '제잘', '23:00');
INSERT INTO messages (id, conversation_id, jeju_text, translated_text, timestamp) VALUES ('201', '34', '개문남 어쩐디 아는디신디 그디가.', '계모임인데 어디 아시는 데 있는데 거기가', '23:00');
INSERT INTO messages (id, conversation_id, jeju_text, translated_text, timestamp) VALUES ('202', '34', '또한 괴기국시영 돔배고기용 먹게 마씸', '또한 고기국수와 돔베고기 주세요.', '23:00');
INSERT INTO messages (id, conversation_id, jeju_text, translated_text, timestamp) VALUES ('203', '34', '오 맛있겠네 좋아', '제잘', '23:00');
INSERT INTO messages (id, conversation_id, jeju_text, translated_text, timestamp) VALUES ('204', '34', '예 재기재기 나옵서양', '네 빨리빨리 나오세요', '23:00');
INSERT INTO messages (id, conversation_id, jeju_text, translated_text, timestamp) VALUES ('205', '34', '그래 가게 앞에서 보자', '제잘', '23:00');
INSERT INTO messages (id, conversation_id, jeju_text, translated_text, timestamp) VALUES ('206', '34', '알았어.', '네. 제주도 사투리를 표준어로 번역해 드릴게요. 언제든지 말씀하세요.', '23:00');
INSERT INTO messages (id, conversation_id, jeju_text, translated_text, timestamp) VALUES ('207', '34', NULL, NULL, '23:00');
INSERT INTO messages (id, conversation_id, jeju_text, translated_text, timestamp) VALUES ('208', '34', NULL, NULL, '23:00');
INSERT INTO messages (id, conversation_id, jeju_text, translated_text, timestamp) VALUES ('209', '35', '여보세요', '제잘', '23:03');
INSERT INTO messages (id, conversation_id, jeju_text, translated_text, timestamp) VALUES ('210', '35', '예 삼촌 식사는 해.', '네 어르신 식사는 하셨어요?', '23:03');
INSERT INTO messages (id, conversation_id, jeju_text, translated_text, timestamp) VALUES ('211', '35', '아니야 아직 안 먹었어.', '제잘', '23:03');
INSERT INTO messages (id, conversation_id, jeju_text, translated_text, timestamp) VALUES ('212', '35', '무사기 시간 일이 될 때까지 밥도 안 먹으면 뭐 했어.', '무사히 시간 일이 될 때까지 밥도 안 먹으면 뭐 했어.', '23:03');
INSERT INTO messages (id, conversation_id, jeju_text, translated_text, timestamp) VALUES ('213', '35', '일하느라 못 먹었어', '제잘', '23:03');
INSERT INTO messages (id, conversation_id, jeju_text, translated_text, timestamp) VALUES ('214', '35', '개은 나 맛존디 아는 뒤이신디.', '좋은 곳 맛있는 데 아시는지?', '23:03');
INSERT INTO messages (id, conversation_id, jeju_text, translated_text, timestamp) VALUES ('215', '35', '가는 떳떳한 괴기국시영 돈백의용 먹게 마씸', '가는 떳떳한 고기국수와 돔베고기를 먹게 마씸', '23:04');
INSERT INTO messages (id, conversation_id, jeju_text, translated_text, timestamp) VALUES ('216', '35', '맛있겠네 좋아.', '제잘', '23:04');
INSERT INTO messages (id, conversation_id, jeju_text, translated_text, timestamp) VALUES ('217', '35', '그래 가게 앞에서 보자.', '제잘', '23:04');
INSERT INTO messages (id, conversation_id, jeju_text, translated_text, timestamp) VALUES ('218', '35', NULL, NULL, '23:04');
INSERT INTO messages (id, conversation_id, jeju_text, translated_text, timestamp) VALUES ('219', '35', NULL, NULL, '23:04');
INSERT INTO messages (id, conversation_id, jeju_text, translated_text, timestamp) VALUES ('220', '36', '여보세요 예 삼춘.', '네 어르신.', '23:17');
INSERT INTO messages (id, conversation_id, jeju_text, translated_text, timestamp) VALUES ('221', '36', '식사는 햇빛깡', '식사는 뼈다귀와 함께', '23:17');
INSERT INTO messages (id, conversation_id, jeju_text, translated_text, timestamp) VALUES ('222', '36', '아니 아직 안 먹었어', '제잘', '23:18');
INSERT INTO messages (id, conversation_id, jeju_text, translated_text, timestamp) VALUES ('223', '36', '무사게 시간 일이 될 때까지 밥도 안 먹어 뭐 했어', '무슨 일이 그렇게 바쁘다고 밥도 안 먹고 뭐 했어', '23:18');
INSERT INTO messages (id, conversation_id, jeju_text, translated_text, timestamp) VALUES ('224', '36', '일하느라 못 먹었어', '제잘', '23:18');
INSERT INTO messages (id, conversation_id, jeju_text, translated_text, timestamp) VALUES ('225', '36', '개문나 맛존디 아.', '제잘', '23:18');
INSERT INTO messages (id, conversation_id, jeju_text, translated_text, timestamp) VALUES ('226', '36', '그디 가그넹 또또한 괴기국시영 돔베괴기영 먹게 마씸', '거기 가서 따끈따끈한 고기국수랑 도마고기랑 먹어요', '23:18');
INSERT INTO messages (id, conversation_id, jeju_text, translated_text, timestamp) VALUES ('227', '36', '맛있겠네 좋아', '제잘', '23:18');
INSERT INTO messages (id, conversation_id, jeju_text, translated_text, timestamp) VALUES ('228', '36', '그래 가게 앞에서 보자.', '제잘', '23:18');
INSERT INTO messages (id, conversation_id, jeju_text, translated_text, timestamp) VALUES ('229', '36', NULL, NULL, '23:18');
INSERT INTO messages (id, conversation_id, jeju_text, translated_text, timestamp) VALUES ('230', '37', '여보세요 예 삼춘 식사.', '네 어르신 식사하세요.', '23:20');
INSERT INTO messages (id, conversation_id, jeju_text, translated_text, timestamp) VALUES ('231', '37', '아니 아직 안 먹었어', '제잘', '23:21');
INSERT INTO messages (id, conversation_id, jeju_text, translated_text, timestamp) VALUES ('232', '37', '무사게 시간 일이 될 때까지 밥도 안 먹어 뭐 했수가', '왜 시간 날 때까지 밥도 안 먹고 뭐 했어요?', '23:21');
INSERT INTO messages (id, conversation_id, jeju_text, translated_text, timestamp) VALUES ('233', '37', '일하느라 못 먹었어', '제잘', '23:21');
INSERT INTO messages (id, conversation_id, jeju_text, translated_text, timestamp) VALUES ('234', '37', '개은 나 맛존디 하는디 신.', '개인 나는 맛있는 거 하는데 있어.', '23:21');
INSERT INTO messages (id, conversation_id, jeju_text, translated_text, timestamp) VALUES ('235', '37', '맛있겠네. 좋아', '제잘', '23:21');
INSERT INTO messages (id, conversation_id, jeju_text, translated_text, timestamp) VALUES ('236', '37', '예 재기재기 나옵서양.', '네 빨리빨리 나오세요.', '23:21');
INSERT INTO messages (id, conversation_id, jeju_text, translated_text, timestamp) VALUES ('237', '37', '그래 가게 앞에서 보자.', '제잘', '23:21');
INSERT INTO messages (id, conversation_id, jeju_text, translated_text, timestamp) VALUES ('238', '37', NULL, NULL, '23:21');
INSERT INTO messages (id, conversation_id, jeju_text, translated_text, timestamp) VALUES ('239', '38', '여보세요 예 삼춘 식사는 햇빛깡.', '여보세요 어르신 식사는 하셨나요?', '23:23');
INSERT INTO messages (id, conversation_id, jeju_text, translated_text, timestamp) VALUES ('240', '38', '아니 아직 안 먹었어', '제잘', '23:23');
INSERT INTO messages (id, conversation_id, jeju_text, translated_text, timestamp) VALUES ('241', '38', '무사게 시간 일이 될 때까지 밥도 안 먹어 뭐 했수다', '왜 이렇게 시간이 될 때까지 밥도 안 먹고 뭐 했어요?', '23:23');
INSERT INTO messages (id, conversation_id, jeju_text, translated_text, timestamp) VALUES ('242', '38', '일하느라 못 먹었어', '제잘', '23:23');
INSERT INTO messages (id, conversation_id, jeju_text, translated_text, timestamp) VALUES ('243', '38', '개은 나 맛존디 안 운 뒤 신디 그디.', '좋은 날씨에 맛있는 음식 먹고 싶지 거기?', '23:23');
INSERT INTO messages (id, conversation_id, jeju_text, translated_text, timestamp) VALUES ('244', '38', '맛있겠네. 좋아', '제잘', '23:23');
INSERT INTO messages (id, conversation_id, jeju_text, translated_text, timestamp) VALUES ('245', '38', '예 재기재기 나옵서양.', '네 빨리빨리 나오세요.', '23:23');
INSERT INTO messages (id, conversation_id, jeju_text, translated_text, timestamp) VALUES ('246', '38', '그래 가게 앞에서 보자.', '제잘', '23:23');
INSERT INTO messages (id, conversation_id, jeju_text, translated_text, timestamp) VALUES ('247', '38', NULL, NULL, '23:23');
INSERT INTO messages (id, conversation_id, jeju_text, translated_text, timestamp) VALUES ('248', '38', NULL, NULL, '23:23');
INSERT INTO messages (id, conversation_id, jeju_text, translated_text, timestamp) VALUES ('249', '39', '여보세요. 네 안녕하세요 사회복지센터에서 전화드릴.', '제잘', '23:29');
INSERT INTO messages (id, conversation_id, jeju_text, translated_text, timestamp) VALUES ('250', '39', '드렸어요.', '제잘', '23:29');
INSERT INTO messages (id, conversation_id, jeju_text, translated_text, timestamp) VALUES ('251', '39', '기꽈 무사 나한테 전화 해마심.', '그래요? 왜 저한테 전화 하셨어요?', '23:30');
INSERT INTO messages (id, conversation_id, jeju_text, translated_text, timestamp) VALUES ('252', '39', '어르신 잘 지네고 계시는지 확인차 연락드렸어요. 저 지난번에 방문했던 사회복지사예요. 어디 아픈 데는 없으시죠? 모르겐.', '모르겐 (모르겠어요)', '23:30');
INSERT INTO messages (id, conversation_id, jeju_text, translated_text, timestamp) VALUES ('253', '39', '요새 광이 아판', '요즘 뼈가 아파요', '23:30');
INSERT INTO messages (id, conversation_id, jeju_text, translated_text, timestamp) VALUES ('254', '39', '어디가 아프시다고요?', '제잘', '23:30');
INSERT INTO messages (id, conversation_id, jeju_text, translated_text, timestamp) VALUES ('255', '39', '꽝이 아프다고 꽝이 무신거엔 보람 신디 모를 크게', '뼈가 아프다고 뼈가 무슨 일 하는지 모르고 크게', '23:30');
INSERT INTO messages (id, conversation_id, jeju_text, translated_text, timestamp) VALUES ('256', '39', '뼈가 아프시다고요.', '제잘', '23:30');
INSERT INTO messages (id, conversation_id, jeju_text, translated_text, timestamp) VALUES ('257', '39', '내일 어르신 댁에 들릴 테니까 저랑 같이 병원 가봐요.', '내일 삼춘 댁에 들릴 테니까 저랑 같이 병원 가봐요.', '23:30');
INSERT INTO messages (id, conversation_id, jeju_text, translated_text, timestamp) VALUES ('258', '39', '개미 마씸 고맙수다. 확 없어게. 근데 오늘 날씨는 어떤 가구까 맨도롱 하우꽈.', '개미 맞습니다. 고맙습니다. 확실하게 없애 드릴게요. 근데 오늘 날씨는 따뜻합니까?', '23:30');
INSERT INTO messages (id, conversation_id, jeju_text, translated_text, timestamp) VALUES ('259', '39', '네 오늘 밭일 도울 거 있어서 밖에 나왔는데 날씨가 많이 덥네요.', '네 오늘 밭일 도울 거 있어서 밖에 나왔는데 날씨가 많이 덥네요.', '23:30');
INSERT INTO messages (id, conversation_id, jeju_text, translated_text, timestamp) VALUES ('260', '39', '과랑 과랑운 배티 일호젠 혼난소 감쪽.', '맑고 맑은 정신으로 밭일을 하려고 하니 힘이 듭니다.', '23:30');
INSERT INTO messages (id, conversation_id, jeju_text, translated_text, timestamp) VALUES ('261', '39', '아니에요. 어르신이 일하시느라 더 수고하시죠', '제주도말로 ''속암져''는 표준어로 ''수고한다''는 뜻이에요.', '23:31');
INSERT INTO messages (id, conversation_id, jeju_text, translated_text, timestamp) VALUES ('262', '39', '여튼 고생인 들어가서 얘', '제잘', '23:31');
INSERT INTO messages (id, conversation_id, jeju_text, translated_text, timestamp) VALUES ('263', '39', '네. 내일 뵐게요.', '제잘', '23:31');
INSERT INTO messages (id, conversation_id, jeju_text, translated_text, timestamp) VALUES ('264', '39', '복사 약속 갔어요.', '제잘', '23:31');
INSERT INTO messages (id, conversation_id, jeju_text, translated_text, timestamp) VALUES ('265', '39', NULL, NULL, '23:31');
INSERT INTO messages (id, conversation_id, jeju_text, translated_text, timestamp) VALUES ('266', '40', '여보세요 네 안녕하세요 사회복지센터에서 전화.', '제잘', '23:34');
INSERT INTO messages (id, conversation_id, jeju_text, translated_text, timestamp) VALUES ('267', '40', '전화드렸어요.', '제잘', '23:34');
INSERT INTO messages (id, conversation_id, jeju_text, translated_text, timestamp) VALUES ('268', '40', '기꺼 무사야 나한테 전화해 마시', '왜 자꾸 나한테 전화하세요', '23:34');
INSERT INTO messages (id, conversation_id, jeju_text, translated_text, timestamp) VALUES ('269', '40', '어르신 잘 지네고 계시는지 확인차 연락드렸어요. 저 지난번에 방문했던 사회복지사예요. 어디 아픈 데는 없으시죠? 모르겐.', '모르겐.', '23:34');
INSERT INTO messages (id, conversation_id, jeju_text, translated_text, timestamp) VALUES ('270', '40', '요새 꽝이 아판', '요즘 뼈가 아파', '23:35');
INSERT INTO messages (id, conversation_id, jeju_text, translated_text, timestamp) VALUES ('271', '40', '어디가 아프시다고요', '제잘', '23:35');
INSERT INTO messages (id, conversation_id, jeju_text, translated_text, timestamp) VALUES ('272', '40', '꽝이 아프다고 꽝이 무신 거옌 보람 신디 뭐라 그게.', '뼈가 아프다고 뼈가 무슨 것이라고 하는 보람인데 뭐라고 그러니.', '23:35');
INSERT INTO messages (id, conversation_id, jeju_text, translated_text, timestamp) VALUES ('273', '40', NULL, NULL, '23:35');
INSERT INTO messages (id, conversation_id, jeju_text, translated_text, timestamp) VALUES ('274', '41', '안 돼 있어', '제잘', '23:36');
INSERT INTO messages (id, conversation_id, jeju_text, translated_text, timestamp) VALUES ('275', '41', '여보세요 네 안녕하세요 사회복지센터에서 전화.', '제잘', '23:36');
INSERT INTO messages (id, conversation_id, jeju_text, translated_text, timestamp) VALUES ('276', '41', '드렸습니다.', '제잘', '23:36');
INSERT INTO messages (id, conversation_id, jeju_text, translated_text, timestamp) VALUES ('277', '41', '기꽈 알아 검사 나한테 전화해 봤어.', '제잘', '23:36');
INSERT INTO messages (id, conversation_id, jeju_text, translated_text, timestamp) VALUES ('278', '41', '어르신 잘 지네고 계시는지 확인차 연락드렸어요. 저 지난번에 방문했던 사회복지사에요. 어디 아픈 데는 없으시죠?', '어르신 잘 지내고 계시는지 확인 차 연락드렸어요. 저 저번에 방문했던 사회복지사예요. 어디 아프신 데는 없으시죠?', '23:36');
INSERT INTO messages (id, conversation_id, jeju_text, translated_text, timestamp) VALUES ('279', '41', '모르겐 요새 아이 아파', '제잘', '23:36');
INSERT INTO messages (id, conversation_id, jeju_text, translated_text, timestamp) VALUES ('280', '41', '어디가 아프시다고요?', '제잘', '23:36');
INSERT INTO messages (id, conversation_id, jeju_text, translated_text, timestamp) VALUES ('281', '41', '꽝이 아프다고 꽝이 무신거엔 고람씨지 뭐라 그게.', '뼈가 아프다고 뼈가 무슨 거냐고 말씀하시지 뭐라 그게.', '23:36');
INSERT INTO messages (id, conversation_id, jeju_text, translated_text, timestamp) VALUES ('282', '41', '뼈가 아프시다고요 내일 어르신 댁에 들릴 테니까 저랑 같이 병원 가봐요.', '제주도 말로 "꽝이 아프댄 허난, 내일 삼춘네 집에 들리커매 나가영 병언 가사 어떵 허쿠과." 입니다.', '23:37');
INSERT INTO messages (id, conversation_id, jeju_text, translated_text, timestamp) VALUES ('283', '41', '개의 마씸 고맙수다. 확 없애게. 근데.', '제잘', '23:37');
INSERT INTO messages (id, conversation_id, jeju_text, translated_text, timestamp) VALUES ('284', '41', '오늘 날씨는 어떤 하우꽈 맨도롱 하우과', '오늘 날씨는 어떤가요? 따뜻한가요?', '23:37');
INSERT INTO messages (id, conversation_id, jeju_text, translated_text, timestamp) VALUES ('285', '41', '네. 오늘 밭일 도울 거 있어서 밖에 나왔는데 날씨가 많이 덥네요.', '네. 오늘 밭일 도울 게 있어서 밖에 나왔는데 날씨가 많이 덥네요.', '23:37');
INSERT INTO messages (id, conversation_id, jeju_text, translated_text, timestamp) VALUES ('286', '41', '온 베띠 일호.', '오늘 날씨 참 좋네요.', '23:37');
INSERT INTO messages (id, conversation_id, jeju_text, translated_text, timestamp) VALUES ('287', '41', '호난소 감정', '하니까 감정', '23:37');
INSERT INTO messages (id, conversation_id, jeju_text, translated_text, timestamp) VALUES ('288', '41', '아니에요. 어르신이 일하시느라 더 수고하시죠.', '제주도 사투리 번역 결과: 아니에요. 삼춘이 일하시느라 더 속암져하죠.', '23:37');
INSERT INTO messages (id, conversation_id, jeju_text, translated_text, timestamp) VALUES ('289', '41', '여튼 고생인 들어가서 예.', '여튼 고생이 많아서 예.', '23:37');
INSERT INTO messages (id, conversation_id, jeju_text, translated_text, timestamp) VALUES ('290', '41', '네. 내일 뵐게요.', '제잘', '23:37');
INSERT INTO messages (id, conversation_id, jeju_text, translated_text, timestamp) VALUES ('291', '41', NULL, NULL, '23:37');
INSERT INTO messages (id, conversation_id, jeju_text, translated_text, timestamp) VALUES ('292', '41', NULL, NULL, '23:37');
INSERT INTO messages (id, conversation_id, jeju_text, translated_text, timestamp) VALUES ('293', '42', '안 돼 있어', '제잘', '03:00');
INSERT INTO messages (id, conversation_id, jeju_text, translated_text, timestamp) VALUES ('294', '42', '여보세요 네 안녕하세요 사회복지센터에서 전화.', '제잘', '03:00');
INSERT INTO messages (id, conversation_id, jeju_text, translated_text, timestamp) VALUES ('295', '42', '드렸습니다.', '제잘', '03:00');
INSERT INTO messages (id, conversation_id, jeju_text, translated_text, timestamp) VALUES ('296', '42', '기꽈 알아 검사 나한테 전화해 봤어.', '그래요? 알아봤어요? 검사가 저한테 전화했어요.', '03:00');
INSERT INTO messages (id, conversation_id, jeju_text, translated_text, timestamp) VALUES ('297', '42', '어르신 잘 지네고 계시는지 확인차 연락드렸어요. 저 지난번에 방문했던 사회복지사에요. 어디 아픈 데는 없으시죠?', '제잘', '03:00');
INSERT INTO messages (id, conversation_id, jeju_text, translated_text, timestamp) VALUES ('298', '42', '모르겐 요새 아이 아파', '요즘 아기가 아파', '03:00');
INSERT INTO messages (id, conversation_id, jeju_text, translated_text, timestamp) VALUES ('299', '42', '어디가 아프시다고요?', '제잘', '03:00');
INSERT INTO messages (id, conversation_id, jeju_text, translated_text, timestamp) VALUES ('300', '42', '꽝이 아프다고 꽝이 무신거엔 고람씨지 뭐라 그게.', '뼈가 아프다고 뼈가 무엇인지 말씀하시지 뭐라 그게.', '03:00');
INSERT INTO messages (id, conversation_id, jeju_text, translated_text, timestamp) VALUES ('301', '42', '뼈가 아프시다고요 내일 어르신 댁에 들릴 테니까 저랑 같이 병원 가봐요.', '제잘', '03:01');
INSERT INTO messages (id, conversation_id, jeju_text, translated_text, timestamp) VALUES ('302', '42', '개의 마씸 고맙수다. 확 없애게. 근데.', '제잘', '03:01');
INSERT INTO messages (id, conversation_id, jeju_text, translated_text, timestamp) VALUES ('303', '42', '오늘 날씨는 어떤 하우꽈 맨도롱 하우과', '오늘 날씨는 어떤가요? 따뜻한가요?', '03:01');
INSERT INTO messages (id, conversation_id, jeju_text, translated_text, timestamp) VALUES ('304', '42', '네. 오늘 밭일 도울 거 있어서 밖에 나왔는데 날씨가 많이 덥네요.', '제잘', '03:01');
INSERT INTO messages (id, conversation_id, jeju_text, translated_text, timestamp) VALUES ('305', '42', '온 베띠 일호.', '옷 벗어라.', '03:01');
INSERT INTO messages (id, conversation_id, jeju_text, translated_text, timestamp) VALUES ('306', '42', '호난소 감정', '힘든 상황에서의 감정', '03:01');
INSERT INTO messages (id, conversation_id, jeju_text, translated_text, timestamp) VALUES ('307', '42', '아니에요. 어르신이 일하시느라 더 수고하시죠.', '제잘', '03:01');
INSERT INTO messages (id, conversation_id, jeju_text, translated_text, timestamp) VALUES ('308', '42', '여튼 고생인 들어가서 예.', '여튼 고생이 들어가서 예.', '03:01');
INSERT INTO messages (id, conversation_id, jeju_text, translated_text, timestamp) VALUES ('309', '42', '네. 내일 뵐게요.', '제잘', '03:01');
INSERT INTO messages (id, conversation_id, jeju_text, translated_text, timestamp) VALUES ('310', '42', NULL, NULL, '03:01');
INSERT INTO messages (id, conversation_id, jeju_text, translated_text, timestamp) VALUES ('311', '42', NULL, NULL, '03:01');
INSERT INTO messages (id, conversation_id, jeju_text, translated_text, timestamp) VALUES ('312', '43', NULL, NULL, '19:43');
INSERT INTO messages (id, conversation_id, jeju_text, translated_text, timestamp) VALUES ('313', '44', '여보세요', '제잘', '20:35');
INSERT INTO messages (id, conversation_id, jeju_text, translated_text, timestamp) VALUES ('314', '44', '예 삼촌 식사는 해.', '삼촌, 식사 했어요?', '20:35');
INSERT INTO messages (id, conversation_id, jeju_text, translated_text, timestamp) VALUES ('315', '44', '아니야 아직 안 먹었어.', '제잘', '20:35');
INSERT INTO messages (id, conversation_id, jeju_text, translated_text, timestamp) VALUES ('316', '44', '무사기 시간 일이 될 때까지 밥도 안 먹으면 뭐 했어.', '무사히 시간 일이 될 때까지 밥도 안 먹으면 뭐 했어.', '20:35');
INSERT INTO messages (id, conversation_id, jeju_text, translated_text, timestamp) VALUES ('317', '44', '일하느라 못 먹었어', '제잘', '20:35');
INSERT INTO messages (id, conversation_id, jeju_text, translated_text, timestamp) VALUES ('318', '44', '개은 나 맛존디 아는 뒤이신디.', '좋은 곳 맛있는 데 아시는 분인데.', '20:35');
INSERT INTO messages (id, conversation_id, jeju_text, translated_text, timestamp) VALUES ('319', '44', '가는 떳떳한 괴기국시영 돈백의용 먹게 마씸', '가는 떳떳한 고기국수와 돔베고기를 먹게 마씸', '20:35');
INSERT INTO messages (id, conversation_id, jeju_text, translated_text, timestamp) VALUES ('320', '44', '맛있겠네 좋아.', '제잘', '20:35');
INSERT INTO messages (id, conversation_id, jeju_text, translated_text, timestamp) VALUES ('321', '44', '그래 가게 앞에서 보자.', '제잘', '20:35');
INSERT INTO messages (id, conversation_id, jeju_text, translated_text, timestamp) VALUES ('322', '44', '잠깐 쉬는 중', '제잘', '20:35');
INSERT INTO messages (id, conversation_id, jeju_text, translated_text, timestamp) VALUES ('323', '44', '아이고 잤어유', '잤어요', '20:36');
INSERT INTO messages (id, conversation_id, jeju_text, translated_text, timestamp) VALUES ('324', '44', '아니', '제잘', '20:36');
INSERT INTO messages (id, conversation_id, jeju_text, translated_text, timestamp) VALUES ('325', '44', '그 집에', '제잘', '20:36');
INSERT INTO messages (id, conversation_id, jeju_text, translated_text, timestamp) VALUES ('326', '44', '그', '제잘', '20:36');
INSERT INTO messages (id, conversation_id, jeju_text, translated_text, timestamp) VALUES ('327', '44', '검은색 c타입 케이블 있어', '제잘', '20:36');
INSERT INTO messages (id, conversation_id, jeju_text, translated_text, timestamp) VALUES ('328', '44', '몰라요', '제잘', '20:36');
INSERT INTO messages (id, conversation_id, jeju_text, translated_text, timestamp) VALUES ('329', '44', '아니 없어요', '제잘', '20:36');
INSERT INTO messages (id, conversation_id, jeju_text, translated_text, timestamp) VALUES ('330', '44', '몰라요.', '제잘', '20:36');
INSERT INTO messages (id, conversation_id, jeju_text, translated_text, timestamp) VALUES ('331', '44', '내가 두고 간 거 맞아 유기', '제잘', '20:36');
INSERT INTO messages (id, conversation_id, jeju_text, translated_text, timestamp) VALUES ('332', '44', '그게 뭐예요', '제잘', '20:36');
INSERT INTO messages (id, conversation_id, jeju_text, translated_text, timestamp) VALUES ('333', '44', '시2시 케이블 없어 검은색.', '제잘', '20:36');
INSERT INTO messages (id, conversation_id, jeju_text, translated_text, timestamp) VALUES ('334', '44', '발견', '제잘', '20:36');
INSERT INTO messages (id, conversation_id, jeju_text, translated_text, timestamp) VALUES ('335', '44', '아 있어요.', '제잘', '20:36');
INSERT INTO messages (id, conversation_id, jeju_text, translated_text, timestamp) VALUES ('336', '44', '알겨워', '제잘', '20:36');
INSERT INTO messages (id, conversation_id, jeju_text, translated_text, timestamp) VALUES ('337', '44', '아이고', '제잘', '20:36');
INSERT INTO messages (id, conversation_id, jeju_text, translated_text, timestamp) VALUES ('338', '44', '그니까 깜빡하고 안 챙겼나 봐', '제잘', '20:37');
INSERT INTO messages (id, conversation_id, jeju_text, translated_text, timestamp) VALUES ('339', '44', '뭐요 이거', '제잘', '20:37');
INSERT INTO messages (id, conversation_id, jeju_text, translated_text, timestamp) VALUES ('340', '44', '클났다 일났어.', '제잘', '20:37');
INSERT INTO messages (id, conversation_id, jeju_text, translated_text, timestamp) VALUES ('341', '44', '충전할 게 없어', '제잘', '20:37');
INSERT INTO messages (id, conversation_id, jeju_text, translated_text, timestamp) VALUES ('342', '44', '핸드폰', '제잘', '20:37');
INSERT INTO messages (id, conversation_id, jeju_text, translated_text, timestamp) VALUES ('343', '44', '어', '제잘', '20:37');
INSERT INTO messages (id, conversation_id, jeju_text, translated_text, timestamp) VALUES ('344', '44', '핸드폰 갤럭시', '제잘', '20:37');
INSERT INTO messages (id, conversation_id, jeju_text, translated_text, timestamp) VALUES ('345', '44', '응 엄마 맞네 좋겠네.', '제잘', '20:37');
INSERT INTO messages (id, conversation_id, jeju_text, translated_text, timestamp) VALUES ('346', '44', '아니가 밖에서 사면 되겠다.', '제잘', '20:37');
INSERT INTO messages (id, conversation_id, jeju_text, translated_text, timestamp) VALUES ('347', '44', '편의점', '제잘', '20:37');
INSERT INTO messages (id, conversation_id, jeju_text, translated_text, timestamp) VALUES ('348', '44', '그니까 알겠어.', '제잘', '20:37');
INSERT INTO messages (id, conversation_id, jeju_text, translated_text, timestamp) VALUES ('349', '44', '그것도 그럴 겸 또 이제 자기도 깨울 겸', '그 일도 할 겸 또 이제 자신도 깨울 겸', '20:37');
INSERT INTO messages (id, conversation_id, jeju_text, translated_text, timestamp) VALUES ('350', '44', '앉았는디.', '앉아 있는데.', '20:37');
INSERT INTO messages (id, conversation_id, jeju_text, translated_text, timestamp) VALUES ('351', '44', '거짓말', '제잘', '20:38');
INSERT INTO messages (id, conversation_id, jeju_text, translated_text, timestamp) VALUES ('352', '44', '그거 뭐냐 그거 뭐냐 종현이 오늘 언제 잔대유', '종현이 오늘 언제 잔대유?', '20:38');
INSERT INTO messages (id, conversation_id, jeju_text, translated_text, timestamp) VALUES ('353', '44', '모르겠어. 지금 준현이 형 보러 가는 중.', '제잘', '20:38');
INSERT INTO messages (id, conversation_id, jeju_text, translated_text, timestamp) VALUES ('354', '44', '응', '제잘', '20:38');
INSERT INTO messages (id, conversation_id, jeju_text, translated_text, timestamp) VALUES ('355', '44', '아 새끼', '제잘', '20:38');
INSERT INTO messages (id, conversation_id, jeju_text, translated_text, timestamp) VALUES ('356', '44', '가는 중 dmco 짐 챙겨서', '제잘', '20:38');
INSERT INTO messages (id, conversation_id, jeju_text, translated_text, timestamp) VALUES ('357', '44', '노트북 왜 들고 가요.', '제잘', '20:38');
INSERT INTO messages (id, conversation_id, jeju_text, translated_text, timestamp) VALUES ('358', '44', '나도 이제 통화하면서 대사 조금 다듬을 겸 중현 형 발표 좀 피드백 좀 할 겸', '제잘', '20:39');
INSERT INTO messages (id, conversation_id, jeju_text, translated_text, timestamp) VALUES ('359', '44', '빨리 해 준다고 말을 해유', '얼른 해 준다고 말해요', '20:39');
INSERT INTO messages (id, conversation_id, jeju_text, translated_text, timestamp) VALUES ('360', '44', '빨리 해 준다고.', '제잘', '20:39');
INSERT INTO messages (id, conversation_id, jeju_text, translated_text, timestamp) VALUES ('361', '44', '알았어 알았어', '제잘', '20:39');
INSERT INTO messages (id, conversation_id, jeju_text, translated_text, timestamp) VALUES ('362', '44', '나이도', '제잘', '20:39');
INSERT INTO messages (id, conversation_id, jeju_text, translated_text, timestamp) VALUES ('363', '44', '왜 왜 왜', '제잘', '20:39');
INSERT INTO messages (id, conversation_id, jeju_text, translated_text, timestamp) VALUES ('364', '44', '망했도', '제잘', '20:39');
INSERT INTO messages (id, conversation_id, jeju_text, translated_text, timestamp) VALUES ('365', '44', '안 망했어', '제잘', '20:39');
INSERT INTO messages (id, conversation_id, jeju_text, translated_text, timestamp) VALUES ('366', '44', '나이도', '제잘', '20:39');
INSERT INTO messages (id, conversation_id, jeju_text, translated_text, timestamp) VALUES ('367', '44', '다 망했어.', '제잘', '20:39');
INSERT INTO messages (id, conversation_id, jeju_text, translated_text, timestamp) VALUES ('368', '44', '어디야', '제잘', '20:40');
INSERT INTO messages (id, conversation_id, jeju_text, translated_text, timestamp) VALUES ('369', '44', '지금 아직 우리 동넨데', '제잘', '20:40');
INSERT INTO messages (id, conversation_id, jeju_text, translated_text, timestamp) VALUES ('370', '44', '왜 말 없이 카톡', '제잘', '20:40');
INSERT INTO messages (id, conversation_id, jeju_text, translated_text, timestamp) VALUES ('371', '44', '카톡 안 보고 있었잖아 자기가', '제잘', '20:40');
INSERT INTO messages (id, conversation_id, jeju_text, translated_text, timestamp) VALUES ('372', '44', '소통 부재 사라 소통 부재', '제잘', '20:40');
INSERT INTO messages (id, conversation_id, jeju_text, translated_text, timestamp) VALUES ('373', '44', '어 10분만 쉰다면서.', '제잘', '20:40');
INSERT INTO messages (id, conversation_id, jeju_text, translated_text, timestamp) VALUES ('374', '44', '무엇 이었어요. 소통 부재', '제잘', '20:41');
INSERT INTO messages (id, conversation_id, jeju_text, translated_text, timestamp) VALUES ('375', '44', '네 잠들었어요.', '제잘', '20:41');
INSERT INTO messages (id, conversation_id, jeju_text, translated_text, timestamp) VALUES ('376', '44', '소통 부재', '제잘', '20:41');
INSERT INTO messages (id, conversation_id, jeju_text, translated_text, timestamp) VALUES ('377', '44', '그래 얼른 얼른 끝내고 보내줘', '제잘', '20:41');
INSERT INTO messages (id, conversation_id, jeju_text, translated_text, timestamp) VALUES ('378', '44', '들어요.', '제잘', '20:41');
INSERT INTO messages (id, conversation_id, jeju_text, translated_text, timestamp) VALUES ('379', '47', '여보세요. 네 안녕하세요 사회복지센터에서 전화드렸습니다. 과 무사 나한테 전화 해마씸.', '네, 안녕하세요. 사회복지센터에서 전화드렸습니다. 무슨 일로 저에게 전화 하셨나요?', '21:23');
INSERT INTO messages (id, conversation_id, jeju_text, translated_text, timestamp) VALUES ('380', '47', NULL, NULL, '21:23');
INSERT INTO messages (id, conversation_id, jeju_text, translated_text, timestamp) VALUES ('381', '49', '여보세요. 네 안녕하세요 사회복지센터에서 전화드렸습니다. 과 무사 나한테 전화 해마씸.', '네, 안녕하세요. 사회복지센터에서 전화드렸습니다. 무슨 일로 저에게 전화 하셨나요?', '21:23');
INSERT INTO messages (id, conversation_id, jeju_text, translated_text, timestamp) VALUES ('382', '49', NULL, NULL, '21:23');
INSERT INTO messages (id, conversation_id, jeju_text, translated_text, timestamp) VALUES ('383', '49', '맞다 10분 쉬었다 가야겠네.', '제잘', '21:23');
INSERT INTO messages (id, conversation_id, jeju_text, translated_text, timestamp) VALUES ('384', '49', NULL, NULL, '21:23');
INSERT INTO messages (id, conversation_id, jeju_text, translated_text, timestamp) VALUES ('385', '50', '여보세요 네 안녕하세요 사회복지센터에서 전화드렸습니다.', '제잘', '21:24');
INSERT INTO messages (id, conversation_id, jeju_text, translated_text, timestamp) VALUES ('386', '50', '의사 나한테 전화 해마씸.', '의사 저한테 전화 했습니다.', '21:24');
INSERT INTO messages (id, conversation_id, jeju_text, translated_text, timestamp) VALUES ('387', '50', '어르신 잘 지네고.', '제잘', '21:24');
INSERT INTO messages (id, conversation_id, jeju_text, translated_text, timestamp) VALUES ('388', '50', NULL, NULL, '21:24');
INSERT INTO messages (id, conversation_id, jeju_text, translated_text, timestamp) VALUES ('389', '50', NULL, NULL, '21:24');
INSERT INTO messages (id, conversation_id, jeju_text, translated_text, timestamp) VALUES ('390', '51', '여보세요.', '제잘', '21:25');
INSERT INTO messages (id, conversation_id, jeju_text, translated_text, timestamp) VALUES ('391', '51', '네 안녕하세요 사회복지센터에서 전화드렸습니다.', '제잘', '21:25');
INSERT INTO messages (id, conversation_id, jeju_text, translated_text, timestamp) VALUES ('392', '51', '키 무사 나한테 전화 해마심.', '왜 저한테 전화 하셨어요?', '21:25');
INSERT INTO messages (id, conversation_id, jeju_text, translated_text, timestamp) VALUES ('393', '51', '어르신 잘 지네고 계시는지 확인차 연락드렸어요. 저 지난번에 방문했던 사회복지사.', '제잘', '21:25');
INSERT INTO messages (id, conversation_id, jeju_text, translated_text, timestamp) VALUES ('394', '51', '어디 아픈 데 없으시죠 모르겐 요새 꽝이 아판 꽝이요', '요새 뼈가 아파서 뼈요', '21:26');
INSERT INTO messages (id, conversation_id, jeju_text, translated_text, timestamp) VALUES ('395', '51', '어디가 아프시다고요 꽝이 아프.', '어디가 아프시다고요 뼈가 아프.', '21:26');
INSERT INTO messages (id, conversation_id, jeju_text, translated_text, timestamp) VALUES ('396', '51', '꽝이 무신거엔 고람신인지 몰라 그게', '뼈가 무엇인지 모른다는 말씀인가요?', '21:26');
INSERT INTO messages (id, conversation_id, jeju_text, translated_text, timestamp) VALUES ('397', '51', '뼈가 아프시다고요 그럼 내일 어르신 댁에 드릴 텐데.', '제잘', '21:26');
INSERT INTO messages (id, conversation_id, jeju_text, translated_text, timestamp) VALUES ('398', '51', '저랑 같이 병원 가봐요. 게매 마씸 고맙수다. 학 없어게', '제잘', '21:26');
INSERT INTO messages (id, conversation_id, jeju_text, translated_text, timestamp) VALUES ('399', '51', '근데 오늘 날씨는 어떤 하우꽈 맨도롱 하우꽈.', '오늘 날씨는 어떤가요 따뜻하나요.', '21:26');
INSERT INTO messages (id, conversation_id, jeju_text, translated_text, timestamp) VALUES ('400', '51', NULL, NULL, '21:26');
INSERT INTO messages (id, conversation_id, jeju_text, translated_text, timestamp) VALUES ('401', '51', NULL, NULL, '21:26');
INSERT INTO messages (id, conversation_id, jeju_text, translated_text, timestamp) VALUES ('402', '52', '여보세요.', '제잘', '21:32');
INSERT INTO messages (id, conversation_id, jeju_text, translated_text, timestamp) VALUES ('403', '52', '네 안녕하세요 사회복지센터에서 전화드렸습니다.', '제잘', '21:32');
INSERT INTO messages (id, conversation_id, jeju_text, translated_text, timestamp) VALUES ('404', '52', '키 무사 나한테 전화 해마심.', '왜 저한테 전화 하셨어요?', '21:32');
INSERT INTO messages (id, conversation_id, jeju_text, translated_text, timestamp) VALUES ('405', '52', '어르신 잘 지네고 계시는지 확인차 연락드렸어요. 저 지난번에 방문했던 사회복지사.', '제잘', '21:32');
INSERT INTO messages (id, conversation_id, jeju_text, translated_text, timestamp) VALUES ('406', '52', '어디 아픈 데 없으시죠 모르겐 요새 꽝이 아판 꽝이요', '어디 아픈 데 없으시죠? 모르겠어요. 요새 뼈가 아파서 뼈예요.', '21:32');
INSERT INTO messages (id, conversation_id, jeju_text, translated_text, timestamp) VALUES ('407', '52', '어디가 아프시다고요 꽝이 아프.', '어디가 아프시다고요 뼈가 아프.', '21:32');
INSERT INTO messages (id, conversation_id, jeju_text, translated_text, timestamp) VALUES ('408', '52', '꽝이 무신거엔 고람신인지 몰라 그게', '뼈가 무엇인지 말씀하시는 건가요?', '21:32');
INSERT INTO messages (id, conversation_id, jeju_text, translated_text, timestamp) VALUES ('409', '52', '뼈가 아프시다고요 그럼 내일 어르신 댁에 드릴 텐데.', '제잘', '21:32');
INSERT INTO messages (id, conversation_id, jeju_text, translated_text, timestamp) VALUES ('410', '52', '저랑 같이 병원 가봐요. 게매 마씸 고맙수다. 학 없어게', '제잘', '21:32');
INSERT INTO messages (id, conversation_id, jeju_text, translated_text, timestamp) VALUES ('411', '52', '근데 오늘 날씨는 어떤 하우꽈 맨도롱 하우꽈.', '오늘 날씨는 어떤가요 따뜻합니까?', '21:32');
INSERT INTO messages (id, conversation_id, jeju_text, translated_text, timestamp) VALUES ('412', '53', NULL, NULL, '21:32');
INSERT INTO messages (id, conversation_id, jeju_text, translated_text, timestamp) VALUES ('413', '53', NULL, NULL, '21:32');
INSERT INTO messages (id, conversation_id, jeju_text, translated_text, timestamp) VALUES ('414', '54', '여보세요 네 안녕하세요 사회복지센터에서 전화드렸습니다.', '제잘', '21:34');
INSERT INTO messages (id, conversation_id, jeju_text, translated_text, timestamp) VALUES ('415', '54', '기꽈 무사 나한테 전화 해마씸.', '왜 저한테 전화 하셨어요?', '21:34');
INSERT INTO messages (id, conversation_id, jeju_text, translated_text, timestamp) VALUES ('416', '54', '어르신 잘 지네고 계시는지 확인차 연락드렸어요. 저 지난번에 방문했던 사회복지사예요. 어디 아픈 데는 없으시죠?', '제잘', '21:34');
INSERT INTO messages (id, conversation_id, jeju_text, translated_text, timestamp) VALUES ('417', '54', '모르겐 요새 꽝이 아판 꽝이요 어디가 아프시다고요', '모르겠어요 요즘 뼈가 아파서 뼈에요 어디가 아프시다고요', '21:34');
INSERT INTO messages (id, conversation_id, jeju_text, translated_text, timestamp) VALUES ('418', '54', '꽝이 아프단 꽝이 무신거에.', '뼈가 아프다는 뼈가 무슨 거에요.', '21:35');
INSERT INTO messages (id, conversation_id, jeju_text, translated_text, timestamp) VALUES ('419', '54', '고람 신디 뭘로 그게', '그럼 그런데 뭘로 그게', '21:35');
INSERT INTO messages (id, conversation_id, jeju_text, translated_text, timestamp) VALUES ('420', '54', '뼈가 아프시다고요? 그럼 내일 어르신 댁에 드릴 테니까 저랑 같이 병원 가봐요.', '제잘', '21:35');
INSERT INTO messages (id, conversation_id, jeju_text, translated_text, timestamp) VALUES ('421', '54', '게메 마씸 고맙수다 확 없어 근데 오늘 날씨는 어떤 해수까 맨도롱 해수가.', '글쎄요, 감사합니다. 확실치는 않지만 오늘 날씨는 따뜻할까요?', '21:35');
INSERT INTO messages (id, conversation_id, jeju_text, translated_text, timestamp) VALUES ('422', '54', '오늘 밭일 더울 거 있어서 밖에 나왔는데 날씨가 많이 덥네요', '제잘', '21:35');
INSERT INTO messages (id, conversation_id, jeju_text, translated_text, timestamp) VALUES ('423', '54', '과.', '제잘', '21:35');
INSERT INTO messages (id, conversation_id, jeju_text, translated_text, timestamp) VALUES ('424', '54', '랑랑혼 배띠 로젠 오난 소감죠', '살랑살랑한 배들이 이제 오니 기분 좋죠', '21:36');
INSERT INTO messages (id, conversation_id, jeju_text, translated_text, timestamp) VALUES ('425', '54', '아니에요 어르신이 일하시느라 더 수고하시죠.', '아니라우 어르신이 일허시느르 더 속암지우다.', '21:36');
INSERT INTO messages (id, conversation_id, jeju_text, translated_text, timestamp) VALUES ('426', '54', '여튼 고생해 들어가서 얘 내일 뵐게요. 복사 수갑어요.', '여튼 고생해서 들어가서 얘 내일 뵐게요. 복사 수고했어요.', '21:36');
INSERT INTO messages (id, conversation_id, jeju_text, translated_text, timestamp) VALUES ('427', '54', NULL, NULL, '21:36');
INSERT INTO messages (id, conversation_id, jeju_text, translated_text, timestamp) VALUES ('428', '54', NULL, NULL, '21:36');
INSERT INTO messages (id, conversation_id, jeju_text, translated_text, timestamp) VALUES ('429', '55', '여보세요 네 안녕하세요 사회복지센터에서 전화드렸습니다.', '제잘', '21:51');
INSERT INTO messages (id, conversation_id, jeju_text, translated_text, timestamp) VALUES ('430', '55', '기꽈 무사 나한테 전화 해마씸.', '왜 저한테 전화 하셨어요?', '21:51');
INSERT INTO messages (id, conversation_id, jeju_text, translated_text, timestamp) VALUES ('431', '55', '어르신 잘 지네고 계시는지 확인차 연락드렸어요. 저 지난번에 방문했던 사회복지사예요. 어디 아픈 데는 없으시죠?', '어르신 잘 지내고 계시는지 확인차 연락드렸어요. 저 지난번 에 방문했던 사회복지사예요. 어디 아픈 데는 없으시죠?', '21:51');
INSERT INTO messages (id, conversation_id, jeju_text, translated_text, timestamp) VALUES ('432', '55', '모르겐 요새 꽝이 아판 꽝이요 어디가 아프시다고요', '무슨 말씀인지 잘 모르겠습니다. 제가 할 수 있는 일은 제주도 사투리를 표준어로 번역하는 것 뿐입니다. 혹시 제주도 사투리로 된 문장을 입력하시면 그것을 표준어로 번역해 드리겠습니다.', '21:51');
INSERT INTO messages (id, conversation_id, jeju_text, translated_text, timestamp) VALUES ('433', '55', '꽝이 아프단 꽝이 무신거에.', '뼈가 아프다는 뼈가 무슨 거에요.', '21:51');
INSERT INTO messages (id, conversation_id, jeju_text, translated_text, timestamp) VALUES ('434', '55', '고람 신디 뭘로 그게', '그럼 그런데 뭘로 그게', '21:51');
INSERT INTO messages (id, conversation_id, jeju_text, translated_text, timestamp) VALUES ('435', '55', '뼈가 아프시다고요? 그럼 내일 어르신 댁에 드릴 테니까 저랑 같이 병원 가봐요.', '제잘', '21:51');
INSERT INTO messages (id, conversation_id, jeju_text, translated_text, timestamp) VALUES ('436', '55', '게메 마씸 고맙수다 확 없어 근데 오늘 날씨는 어떤 해수까 맨도롱 해수가.', '그러게요. 감사합니다. 확실치는 않지만 오늘 날씨는 따뜻한가요?', '21:51');
INSERT INTO messages (id, conversation_id, jeju_text, translated_text, timestamp) VALUES ('437', '55', '오늘 밭일 더울 거 있어서 밖에 나왔는데 날씨가 많이 덥네요', '제잘', '21:51');
INSERT INTO messages (id, conversation_id, jeju_text, translated_text, timestamp) VALUES ('438', '55', '과.', '제잘', '21:51');
INSERT INTO messages (id, conversation_id, jeju_text, translated_text, timestamp) VALUES ('439', '55', '랑랑혼 배띠 로젠 오난 소감죠', '살랑살랑한 배들이 이제 오니 기분 좋죠', '21:51');
INSERT INTO messages (id, conversation_id, jeju_text, translated_text, timestamp) VALUES ('440', '55', '아니에요 어르신이 일하시느라 더 수고하시죠.', '아니라우 어르신이 일허시느라이 더 속암지우다.', '21:51');
INSERT INTO messages (id, conversation_id, jeju_text, translated_text, timestamp) VALUES ('441', '55', '여튼 고생해 들어가서 얘 내일 뵐게요. 복사 수갑어요.', '제주도 방언이 없어서 번역할 수 없습니다. "제잘"', '21:51');
INSERT INTO messages (id, conversation_id, jeju_text, translated_text, timestamp) VALUES ('442', '55', NULL, NULL, '21:53');
INSERT INTO messages (id, conversation_id, jeju_text, translated_text, timestamp) VALUES ('443', '55', NULL, NULL, '21:53');
INSERT INTO messages (id, conversation_id, jeju_text, translated_text, timestamp) VALUES ('444', '56', '여보세요 예.', '제잘', '22:04');
INSERT INTO messages (id, conversation_id, jeju_text, translated_text, timestamp) VALUES ('445', '56', '안녕하세요 사회복지센터에서 전화드렸습니다.', '제잘', '22:05');
INSERT INTO messages (id, conversation_id, jeju_text, translated_text, timestamp) VALUES ('446', '56', '기꽈 무사 나한테 전화 해마씸.', '왜 저한테 전화 하셨어요?', '22:05');
INSERT INTO messages (id, conversation_id, jeju_text, translated_text, timestamp) VALUES ('447', '56', '어르신 잘 지네고 계시는지 확인차 연락드렸어요. 저 지난번에 방문했던 사회복지사에요.', '어르신 잘 지내고 계시는지 확인차 연락드렸어요. 저 지난번 에 방문했던 사회복지사예요.', '22:05');
INSERT INTO messages (id, conversation_id, jeju_text, translated_text, timestamp) VALUES ('448', '56', '어디 아픈 데는 없으시죠', '제잘', '22:05');
INSERT INTO messages (id, conversation_id, jeju_text, translated_text, timestamp) VALUES ('449', '56', '모르겐 요새 꽝이야 아판 꽝이요.', '모르겠어요. 요즘 뼈 아파요.', '22:05');
INSERT INTO messages (id, conversation_id, jeju_text, translated_text, timestamp) VALUES ('450', '56', '어디가 아프시다고요', '제잘', '22:05');
INSERT INTO messages (id, conversation_id, jeju_text, translated_text, timestamp) VALUES ('451', '56', '꽝이 아프단 꽝이 무신거엔 고람신님 오룩하게.', '뼈가 아프다는 뼈가 무슨 것이냐고 람신님 여쭙게.', '22:05');
INSERT INTO messages (id, conversation_id, jeju_text, translated_text, timestamp) VALUES ('452', '56', '게매 마씸 고맙수다.', '네. "게매 마씸 고맙수다"는 "그러게요 감사합니다" 라는 뜻 입니다.', '22:06');
INSERT INTO messages (id, conversation_id, jeju_text, translated_text, timestamp) VALUES ('453', '56', '화학 없어게', '제주도 사투리로 ''화학 없어게''는 표준어로 ''화장실 없어요?'' 라는 뜻입니다.', '22:06');
INSERT INTO messages (id, conversation_id, jeju_text, translated_text, timestamp) VALUES ('454', '56', '나 약간이게 제일 상사.', '제잘', '22:06');
INSERT INTO messages (id, conversation_id, jeju_text, translated_text, timestamp) VALUES ('455', '56', '근데 오늘 날씨는 어떤 하우꽈 맨도롱 하우꽈.', '오늘 날씨는 어떤가요? 따뜻한가요?', '22:06');
INSERT INTO messages (id, conversation_id, jeju_text, translated_text, timestamp) VALUES ('456', '56', '과랑과랑 혼배띠 로젠 호난소 감정.', '쨍쨍 햇볕이 매우 뜨거워서 감기에 걸렸습니다.', '22:07');
INSERT INTO messages (id, conversation_id, jeju_text, translated_text, timestamp) VALUES ('457', '56', '여튼 고생해 들어갑시다. 예.', '제잘', '22:07');
INSERT INTO messages (id, conversation_id, jeju_text, translated_text, timestamp) VALUES ('458', '56', '키워드 포스팅 해놨어. 이거 돼 있지 우리 여기 이런 것들.', '제잘', '22:07');
INSERT INTO messages (id, conversation_id, jeju_text, translated_text, timestamp) VALUES ('459', '56', NULL, NULL, '22:08');
INSERT INTO messages (id, conversation_id, jeju_text, translated_text, timestamp) VALUES ('460', '56', '안해봤을 거야. 아 아직 안 해봤어.', '제잘', '22:08');
INSERT INTO messages (id, conversation_id, jeju_text, translated_text, timestamp) VALUES ('461', '57', '여보세요 예.', '제잘', '22:16');
INSERT INTO messages (id, conversation_id, jeju_text, translated_text, timestamp) VALUES ('462', '57', '안녕하세요 사회복지센터에서 전화드렸습니다.', '제잘', '22:16');
INSERT INTO messages (id, conversation_id, jeju_text, translated_text, timestamp) VALUES ('463', '57', '기꽈 무사 나한테 전화 해마씸.', '왜 저한테 전화 하셨어요?', '22:16');
INSERT INTO messages (id, conversation_id, jeju_text, translated_text, timestamp) VALUES ('464', '57', '어르신 잘 지네고 계시는지 확인차 연락드렸어요. 저 지난번에 방문했던 사회복지사에요.', '어르신 잘 지내고 계시는지 확인차 연락드렸어요. 저 지난번 에 방문했던 사회복지사예요.', '22:16');
INSERT INTO messages (id, conversation_id, jeju_text, translated_text, timestamp) VALUES ('465', '57', '어디 아픈 데는 없으시죠', '제잘', '22:17');
INSERT INTO messages (id, conversation_id, jeju_text, translated_text, timestamp) VALUES ('466', '57', '모르겐 요새 꽝이야 아판 꽝이요.', '모르겠어요 요즘 뼈 아파요 계속 뼈 아프네요.', '22:17');
INSERT INTO messages (id, conversation_id, jeju_text, translated_text, timestamp) VALUES ('467', '57', '어디가 아프시다고요', '제잘', '22:17');
INSERT INTO messages (id, conversation_id, jeju_text, translated_text, timestamp) VALUES ('468', '57', '꽝이 아프단 꽝이 무신거엔 고람신님 오룩하게.', '뼈가 아프다는 뼈가 무슨 것이냐고 하느님 여쭙게.', '22:17');
INSERT INTO messages (id, conversation_id, jeju_text, translated_text, timestamp) VALUES ('469', '57', '게매 마씸 고맙수다.', '네, "게매 마씸 고맙수다."는 제주도 사투리로 "그러게요 감사합니다."라는 뜻입니다.', '22:17');
INSERT INTO messages (id, conversation_id, jeju_text, translated_text, timestamp) VALUES ('470', '57', '화학 없어게', '제주도 사투리로 ''화학 없어게''는 표준어로 ''화장실 없어?''라는 뜻입니다.', '22:17');
INSERT INTO messages (id, conversation_id, jeju_text, translated_text, timestamp) VALUES ('471', '57', '나 약간이게 제일 상사.', '제잘', '22:17');
INSERT INTO messages (id, conversation_id, jeju_text, translated_text, timestamp) VALUES ('472', '57', '근데 오늘 날씨는 어떤 하우꽈 맨도롱 하우꽈.', '오늘 날씨는 어떤가요 따뜻한가요.', '22:17');
INSERT INTO messages (id, conversation_id, jeju_text, translated_text, timestamp) VALUES ('473', '57', '과랑과랑 혼배띠 로젠 호난소 감정.', '쨍쨍 햇볕이 매우 따가워서 감기에 걸렸습니다.', '22:17');
INSERT INTO messages (id, conversation_id, jeju_text, translated_text, timestamp) VALUES ('474', '57', '여튼 고생해 들어갑시다. 예.', '제잘', '22:17');
INSERT INTO messages (id, conversation_id, jeju_text, translated_text, timestamp) VALUES ('475', '57', '키워드 포스팅 해놨어. 이거 돼 있지 우리 여기 이런 것들.', '제잘', '22:17');
INSERT INTO messages (id, conversation_id, jeju_text, translated_text, timestamp) VALUES ('476', '57', '안해봤을 거야. 아 아직 안 해봤어.', '제잘', '22:17');
INSERT INTO messages (id, conversation_id, jeju_text, translated_text, timestamp) VALUES ('477', '57', '너가 안 해놨잖아. 지가 안 했을걸 했을걸 안 했을걸 했어.', '제잘', '22:17');
INSERT INTO messages (id, conversation_id, jeju_text, translated_text, timestamp) VALUES ('478', '58', '이신게 있잖아이 다음 동화에서는 또 안 나와 착해 다음.', '제잘', '22:18');
INSERT INTO messages (id, conversation_id, jeju_text, translated_text, timestamp) VALUES ('479', '58', NULL, NULL, '22:18');
INSERT INTO messages (id, conversation_id, jeju_text, translated_text, timestamp) VALUES ('480', '58', '1을 하고 이를 하면 이렇게 나오는 하고이면 이게 안 나와 40 돼.', '제잘', '22:18');
INSERT INTO messages (id, conversation_id, jeju_text, translated_text, timestamp) VALUES ('481', '58', NULL, NULL, '22:18');
INSERT INTO messages (id, conversation_id, jeju_text, translated_text, timestamp) VALUES ('482', '59', '여보세요.', '제잘', '22:19');
INSERT INTO messages (id, conversation_id, jeju_text, translated_text, timestamp) VALUES ('483', '59', '안녕하세요 사회복지센터에서 전화드렸습니다. 기꽈 무사 나한테 전화 해마씸.', '안녕하세요. 사회복지센터에서 전화드렸습니다. 괜찮으신가요? 왜 저한테 전화하신 건가요?', '22:19');
INSERT INTO messages (id, conversation_id, jeju_text, translated_text, timestamp) VALUES ('484', '59', '네 어르신 잘 지네고 계시는지 확인차 연락드렸어요.', '제잘', '22:19');
INSERT INTO messages (id, conversation_id, jeju_text, translated_text, timestamp) VALUES ('485', '59', '저 지난번에 방문했던 사회복지사예요.', '제잘', '22:19');
INSERT INTO messages (id, conversation_id, jeju_text, translated_text, timestamp) VALUES ('486', '59', '어디 아픈 데 없으시죠 모르겐 요새 꽝이 아판', '어디 아픈 데 없으시죠? 모르겠어요. 요새 뼈가 아파요.', '22:20');
INSERT INTO messages (id, conversation_id, jeju_text, translated_text, timestamp) VALUES ('487', '59', '꽝이요 어디가 아프시다고요.', '제잘', '22:20');
INSERT INTO messages (id, conversation_id, jeju_text, translated_text, timestamp) VALUES ('488', '59', '꽝이 아프단 꽝이 무신거엔 고람 신디 뭐를 크게', '뼈가 아프다는 뼈가 무슨 것이냐고 하면 무엇을 크게', '22:20');
INSERT INTO messages (id, conversation_id, jeju_text, translated_text, timestamp) VALUES ('489', '59', '아.', '제잘', '22:20');
INSERT INTO messages (id, conversation_id, jeju_text, translated_text, timestamp) VALUES ('490', '59', '내일 어르신 댁에 들릴 테니까 저랑 같이 병원 가봐요. 게매 마씸 고맙수다.', '내일 어르신 댁에 들릴 테니까 저랑 같이 병원 가봐요. 네, 감사합니다.', '22:20');
INSERT INTO messages (id, conversation_id, jeju_text, translated_text, timestamp) VALUES ('491', '59', '얼른 옵서게.', '어서오세요.', '22:20');
INSERT INTO messages (id, conversation_id, jeju_text, translated_text, timestamp) VALUES ('492', '59', '근데 오늘 날씨는 어떤 하우꽈 맨도롱 하우꽈', '오늘 날씨는 어떤가요 따뜻한가요', '22:21');
INSERT INTO messages (id, conversation_id, jeju_text, translated_text, timestamp) VALUES ('493', '59', '오늘 날씨가 어떻냐고.', '제잘', '22:21');
INSERT INTO messages (id, conversation_id, jeju_text, translated_text, timestamp) VALUES ('494', '59', '근데 오늘 밭일 도울 거 있어서 밖에 나왔는데 날씨가 많이 덥네요.', '제잘', '22:21');
INSERT INTO messages (id, conversation_id, jeju_text, translated_text, timestamp) VALUES ('495', '59', '과랑 과랑혼 베띠 일호젠 혼난 소감저.', '쨍쨍 햇볕이 내리쬐는 밭에서 일하려고 하니 수고하십니다.', '22:21');
INSERT INTO messages (id, conversation_id, jeju_text, translated_text, timestamp) VALUES ('496', '59', '아니에요 어르신이 일하시느라 더 수고하시죠.', '아니라우 어르신이 일허젠 허난 더 속암주.', '22:22');
INSERT INTO messages (id, conversation_id, jeju_text, translated_text, timestamp) VALUES ('497', '59', '고맙소 여튼 고생해 들어가서 얘 내일 뵐게요.', '제잘', '22:22');
INSERT INTO messages (id, conversation_id, jeju_text, translated_text, timestamp) VALUES ('498', '59', '폭싹 소가 수다.', '매우 수고하셨습니다.', '22:22');
INSERT INTO messages (id, conversation_id, jeju_text, translated_text, timestamp) VALUES ('499', '59', NULL, NULL, '22:23');
INSERT INTO messages (id, conversation_id, jeju_text, translated_text, timestamp) VALUES ('500', '59', NULL, NULL, '22:23');
INSERT INTO messages (id, conversation_id, jeju_text, translated_text, timestamp) VALUES ('501', '60', '힘들어요', '제잘', '22:46');
INSERT INTO messages (id, conversation_id, jeju_text, translated_text, timestamp) VALUES ('502', '60', '여보세요.', '제잘', '22:46');
INSERT INTO messages (id, conversation_id, jeju_text, translated_text, timestamp) VALUES ('503', '60', '네 안녕하세요 사회복지센터에서 전화드렸습니다.', '제잘', '22:46');
INSERT INTO messages (id, conversation_id, jeju_text, translated_text, timestamp) VALUES ('504', '60', '기꽈 무사 나한테 전화해 마지.', '왜 나한테 전화했어요?', '22:46');
INSERT INTO messages (id, conversation_id, jeju_text, translated_text, timestamp) VALUES ('505', '60', '어르신 잘 지네고 계시는지 확인차 연락드렸어요. 저 지난번에 방문했던 사회복지사예요. 어디 아픈 데는 없으시죠?', '제잘', '22:46');
INSERT INTO messages (id, conversation_id, jeju_text, translated_text, timestamp) VALUES ('506', '60', '모르겐 요새 꽝이 아판', '모르겠어요. 요즘 뼈가 아파요.', '22:47');
INSERT INTO messages (id, conversation_id, jeju_text, translated_text, timestamp) VALUES ('507', '60', '꽝이요. 어디가 아프시다고요.', '뼈요. 어디가 아프시다고요.', '22:47');
INSERT INTO messages (id, conversation_id, jeju_text, translated_text, timestamp) VALUES ('508', '60', '꽝이 아프던 꽝이 무신거엔 고람신디 모르크게.', '뼈가 아프던 뼈가 무슨 것인지 모르게.', '22:47');
INSERT INTO messages (id, conversation_id, jeju_text, translated_text, timestamp) VALUES ('509', '60', '뼈가 아프시다고요. 내일 어르신댁에 드릴 테니까 저랑 같이 병원 가봐요.', '제잘', '22:47');
INSERT INTO messages (id, conversation_id, jeju_text, translated_text, timestamp) VALUES ('510', '60', '게메 마씸 고맙수다. 얼른.', '그러게요. 감사합니다. 얼른', '22:47');
INSERT INTO messages (id, conversation_id, jeju_text, translated_text, timestamp) VALUES ('511', '60', '근데 오늘 날씨는 어떤 하우꽈 맨도롱 하우꽈.', '오늘 날씨는 어떤가요 따뜻하나요.', '22:48');
INSERT INTO messages (id, conversation_id, jeju_text, translated_text, timestamp) VALUES ('512', '60', '오늘 날씨요. 네. 오늘 한일 더울 거 있어서 밖에 나왔는데 날씨가 많이 덥네요.', '제잘', '22:48');
INSERT INTO messages (id, conversation_id, jeju_text, translated_text, timestamp) VALUES ('513', '60', '과랑 과랑 혼배띠 이래놓고.', '쨍쨍 햇볕이 매우 따갑습니다.', '22:48');
INSERT INTO messages (id, conversation_id, jeju_text, translated_text, timestamp) VALUES ('514', '60', '아니에요 어르신이 일하시느라.', '제잘', '22:48');
INSERT INTO messages (id, conversation_id, jeju_text, translated_text, timestamp) VALUES ('515', '60', '수고하시죠. 여튼 고생했어 들어가서 얘', '제잘', '22:49');
INSERT INTO messages (id, conversation_id, jeju_text, translated_text, timestamp) VALUES ('516', '60', '회색이 떨어.', '제잘', '22:49');
INSERT INTO messages (id, conversation_id, jeju_text, translated_text, timestamp) VALUES ('517', '60', NULL, NULL, '22:49');
INSERT INTO messages (id, conversation_id, jeju_text, translated_text, timestamp) VALUES ('518', '60', NULL, NULL, '22:49');
INSERT INTO messages (id, conversation_id, jeju_text, translated_text, timestamp) VALUES ('519', '61', '여보세요.', '제잘', '22:50');
INSERT INTO messages (id, conversation_id, jeju_text, translated_text, timestamp) VALUES ('520', '61', '네 안녕하세요 사회복지센터에서 전화드렸습니다. 기꽈', '네, 안녕하세요. 사회복지센터에서 전화드렸습니다. 괜찮으신가요?', '22:50');
INSERT INTO messages (id, conversation_id, jeju_text, translated_text, timestamp) VALUES ('521', '61', '무사 나한테 전화 해마심.', '왜 저한테 전화 하셨어요?', '22:50');
INSERT INTO messages (id, conversation_id, jeju_text, translated_text, timestamp) VALUES ('522', '61', '어르신 잘 지네고 계시는지 확인차 연락드렸어요. 저 지난번에 방문했던.', '제잘', '22:50');
INSERT INTO messages (id, conversation_id, jeju_text, translated_text, timestamp) VALUES ('523', '61', '복지사예요. 어디 아픈 데는 없으시죠 모르겐 요새 꽝이 아판', '어디 아픈 데는 없으시죠? 요즘 뼈가 아파서 모르겠어요.', '22:50');
INSERT INTO messages (id, conversation_id, jeju_text, translated_text, timestamp) VALUES ('524', '61', '꽝이요. 어디가.', '뼈요. 어디가요.', '22:50');
INSERT INTO messages (id, conversation_id, jeju_text, translated_text, timestamp) VALUES ('525', '61', '아시꽝이 아프다는 꽝이', '아시는 뼈가 아프다는 뼈가', '22:51');
INSERT INTO messages (id, conversation_id, jeju_text, translated_text, timestamp) VALUES ('526', '61', '무신거인 고람신티 모르 그게.', '무슨 일인지 모르고 있어요.', '22:51');
INSERT INTO messages (id, conversation_id, jeju_text, translated_text, timestamp) VALUES ('527', '61', '뼈가 아프시다고요. 내일 어르신 댁에 들을 테니까 저랑 같이 병원 가봐요.', '제잘', '22:51');
INSERT INTO messages (id, conversation_id, jeju_text, translated_text, timestamp) VALUES ('528', '61', '게매 마씸 고맙수다. 얼른 오소게.', '네. "게매 마씸 고맙수다. 얼른 오소게."는 "그러게요. 감사합니다. 얼른 오세요." 라는 뜻 입니다.', '22:51');
INSERT INTO messages (id, conversation_id, jeju_text, translated_text, timestamp) VALUES ('529', '61', '근데 오늘 날씨는 어떤 가오가 맨도롱 하우꽈.', '오늘 날씨는 어떤가요? 맨도롱 한가요?', '22:51');
INSERT INTO messages (id, conversation_id, jeju_text, translated_text, timestamp) VALUES ('530', '61', '오늘 날씨 어떻냐고요.', '제잘', '22:52');
INSERT INTO messages (id, conversation_id, jeju_text, translated_text, timestamp) VALUES ('531', '61', '오늘 밭일 다물고 있어서 밖에 나왔는데 날씨가 많이 덥네요.', '제잘', '22:52');
INSERT INTO messages (id, conversation_id, jeju_text, translated_text, timestamp) VALUES ('532', '61', '과랑 과랑혼 베띠 일호젠 호난 소감조.', '맑고 맑은 햇볕 속에서 일하려고 하니 수고롭네.', '22:52');
INSERT INTO messages (id, conversation_id, jeju_text, translated_text, timestamp) VALUES ('533', '61', NULL, NULL, '22:53');
INSERT INTO messages (id, conversation_id, jeju_text, translated_text, timestamp) VALUES ('534', '61', NULL, NULL, '22:53');
INSERT INTO messages (id, conversation_id, jeju_text, translated_text, timestamp) VALUES ('535', '62', '여보세요. 네 안녕하세요 사회복지센터에서 전화드렸어요. 기꽈', '네, 안녕하세요. 사회복지센터에서 전화드렸습니다. 괜찮으신가요?', '22:55');
INSERT INTO messages (id, conversation_id, jeju_text, translated_text, timestamp) VALUES ('536', '62', '무사 나한테 전화 해마심.', '왜 저한테 전화 하셨어요?', '22:55');
INSERT INTO messages (id, conversation_id, jeju_text, translated_text, timestamp) VALUES ('537', '62', '어르신 잘 지네고 계시는지 확인차 연락드렸어요. 어디 아픈 데는 없으시죠.', '제잘', '22:55');
INSERT INTO messages (id, conversation_id, jeju_text, translated_text, timestamp) VALUES ('538', '62', '이곳에 꽝이 아판 꽝이요 어디가 아프시다고요', '이곳에 뼈가 아파 뼈예요 어디가 아프시다고요', '22:55');
INSERT INTO messages (id, conversation_id, jeju_text, translated_text, timestamp) VALUES ('539', '62', '꽝이 아프던 꽝이 무신거엔 고람.', '뼈가 아프던 뼈가 무엇인 게냐', '22:55');
INSERT INTO messages (id, conversation_id, jeju_text, translated_text, timestamp) VALUES ('540', '62', '모르쿠뼈가 아프시다고요.', '모르기뼈가 아프시다고요.', '22:56');
INSERT INTO messages (id, conversation_id, jeju_text, translated_text, timestamp) VALUES ('541', '62', '내일 같이 병원 가보셔야겠어요.', '제잘', '22:56');
INSERT INTO messages (id, conversation_id, jeju_text, translated_text, timestamp) VALUES ('542', '62', '게네바심 고맙수다. 얼른 옵서게. 근데 오늘 날씨는 어떤가 볼까?', '고맙습니다. 어서오세요. 근데 오늘 날씨는 어떤가요?', '22:56');
INSERT INTO messages (id, conversation_id, jeju_text, translated_text, timestamp) VALUES ('543', '62', '맨도롱 하우과.', '안녕하세요.', '22:56');
INSERT INTO messages (id, conversation_id, jeju_text, translated_text, timestamp) VALUES ('544', '62', '네 오늘 날씨가 많이 덥네요.', '제잘', '22:56');
INSERT INTO messages (id, conversation_id, jeju_text, translated_text, timestamp) VALUES ('545', '62', '과랑과랑 혼대띠, 일호젠 혼난 소감정.', '쨍쨍 햇볕이 내리쬐니, 일하려고 하니 힘든 기분이다.', '22:56');
INSERT INTO messages (id, conversation_id, jeju_text, translated_text, timestamp) VALUES ('546', '62', NULL, NULL, '22:57');
INSERT INTO messages (id, conversation_id, jeju_text, translated_text, timestamp) VALUES ('547', '62', NULL, NULL, '22:57');
INSERT INTO messages (id, conversation_id, jeju_text, translated_text, timestamp) VALUES ('548', '63', '여보세요', '제잘', '23:01');
INSERT INTO messages (id, conversation_id, jeju_text, translated_text, timestamp) VALUES ('549', '63', '네 안녕하세요.', '제잘', '23:02');
INSERT INTO messages (id, conversation_id, jeju_text, translated_text, timestamp) VALUES ('550', '63', '사회복지센터에서 전화드렸습니다. 기꽈', '네, 사회복지센터에서 전화드렸습니다. 괜찮으신가요?', '23:02');
INSERT INTO messages (id, conversation_id, jeju_text, translated_text, timestamp) VALUES ('551', '63', '무사 나한테 전화 해마심.', '왜 저한테 전화 하셨어요?', '23:02');
INSERT INTO messages (id, conversation_id, jeju_text, translated_text, timestamp) VALUES ('552', '63', '어르신 잘 지네고 계시는지 확인차 연락.', '제잘', '23:02');
INSERT INTO messages (id, conversation_id, jeju_text, translated_text, timestamp) VALUES ('553', '63', '어디 아픈 데는 없으시죠 모르겐 요새 꽝이 아판', '어디 아픈 데는 없으시죠? 모르겠어요. 요새 뼈가 아파요.', '23:02');
INSERT INTO messages (id, conversation_id, jeju_text, translated_text, timestamp) VALUES ('554', '63', '꽝이요. 어디가 아프시다고요.', '뼈요. 어디가 아프시다고요.', '23:02');
INSERT INTO messages (id, conversation_id, jeju_text, translated_text, timestamp) VALUES ('555', '63', '꽝이 아프단 꽝이 무신 거옌 고람 신디 모르크게', '뼈가 아프다는 뼈가 무슨 것인지 모르게', '23:03');
INSERT INTO messages (id, conversation_id, jeju_text, translated_text, timestamp) VALUES ('556', '63', '뼈가 아프시다고요. 내일 같이.', '제잘', '23:03');
INSERT INTO messages (id, conversation_id, jeju_text, translated_text, timestamp) VALUES ('557', '63', '병원 가보셔야겠어요.', '제잘', '23:03');
INSERT INTO messages (id, conversation_id, jeju_text, translated_text, timestamp) VALUES ('558', '63', '게매 마씸 고맙수다. 얼른 옵서게. 근데 오늘 날씨는 어떠하고.', '네. 말씀하신 제주도 방언을 표준어로 번역하면 "그러게요. 감사합니다. 빨리 오세요. 근데 오늘 날씨는 어떤가요?" 입니다.', '23:03');
INSERT INTO messages (id, conversation_id, jeju_text, translated_text, timestamp) VALUES ('559', '63', '메인 드론 가볼까?', '제잘', '23:03');
INSERT INTO messages (id, conversation_id, jeju_text, translated_text, timestamp) VALUES ('560', '63', '네. 오늘 날씨가 많이 덥네요.', '제잘', '23:03');
INSERT INTO messages (id, conversation_id, jeju_text, translated_text, timestamp) VALUES ('561', '63', '과랑 과랑혼 배띠 일호젠 호난 소감죠.', '햇빛이 쨍쨍한 바다에 배를 띄우려고 하니 수고스럽네요.', '23:03');
INSERT INTO messages (id, conversation_id, jeju_text, translated_text, timestamp) VALUES ('562', '63', NULL, NULL, '23:04');
INSERT INTO messages (id, conversation_id, jeju_text, translated_text, timestamp) VALUES ('563', '63', NULL, NULL, '23:04');
INSERT INTO messages (id, conversation_id, jeju_text, translated_text, timestamp) VALUES ('564', '64', '여보세요.', '제잘', '23:05');
INSERT INTO messages (id, conversation_id, jeju_text, translated_text, timestamp) VALUES ('565', '64', '네 안녕하세요 사회복지센터에서 전화드렸습니다.', '제잘', '23:05');
INSERT INTO messages (id, conversation_id, jeju_text, translated_text, timestamp) VALUES ('566', '64', '기꽈 무사 나한테 전화했어.', '왜 저한테 전화하셨어요?', '23:05');
INSERT INTO messages (id, conversation_id, jeju_text, translated_text, timestamp) VALUES ('567', '64', '어르신 잘 지네고 계시는지 확인차 연락드렸어요. 어디 아픈 데는 없으시죠?', '제잘', '23:06');
INSERT INTO messages (id, conversation_id, jeju_text, translated_text, timestamp) VALUES ('568', '64', '요새 꽝이 아판', '요즘 뼈가 아파', '23:06');
INSERT INTO messages (id, conversation_id, jeju_text, translated_text, timestamp) VALUES ('569', '64', '꽝이요. 어디가 아프시다고요?', '제잘', '23:06');
INSERT INTO messages (id, conversation_id, jeju_text, translated_text, timestamp) VALUES ('570', '64', '꽝이 아프다고 꽝이 무신거엔 고람 신디 모르쿠겐', '뼈가 아프다고 뼈가 무엇인지 모르겠는데', '23:06');
INSERT INTO messages (id, conversation_id, jeju_text, translated_text, timestamp) VALUES ('571', '64', '뼈가 아프시다고요. 내일 같이 병원 가봐요.', '제잘', '23:06');
INSERT INTO messages (id, conversation_id, jeju_text, translated_text, timestamp) VALUES ('572', '64', '게매 마씸 고맙수다. 얼른 옵서게 근데 오늘 날씨는 어떤 하우꽈 맨도롱 하우꽈.', '네. "게매 마씸 고맙수다. 얼른 옵서게 근데 오늘 날씨는 어떤 하우꽈 맨도롱 하우꽈." 라는 제주도 사투리는 "그러게요. 감사합니다. 어서오세요 그런데 오늘 날씨는 따뜻합니까?" 입니다.', '23:06');
INSERT INTO messages (id, conversation_id, jeju_text, translated_text, timestamp) VALUES ('573', '64', '네. 오늘 날씨가 많이 덥네요.', '제잘', '23:06');
INSERT INTO messages (id, conversation_id, jeju_text, translated_text, timestamp) VALUES ('574', '64', '과랑 과랑혼 배띠 일호젠 혼난 소감정', '맑고 맑은 바다에서 일하고 싶은 마음', '23:06');
INSERT INTO messages (id, conversation_id, jeju_text, translated_text, timestamp) VALUES ('575', '64', '아니에요 어르신이 일하시느라 더 수고하시죠.', '아니라우 어르신이 일허시느라이 더 속암지우다.', '23:06');
INSERT INTO messages (id, conversation_id, jeju_text, translated_text, timestamp) VALUES ('576', '64', '여튼 고생했어. 들어갑사 얘. 네. 내일 뵐게요. 어떤데 지금 좀 더 빠른 것 같아.', '제잘', '23:07');
INSERT INTO messages (id, conversation_id, jeju_text, translated_text, timestamp) VALUES ('577', '64', '이 정도면 아까보다 훨씬 편할 것 같은. 이 해.', '제잘', '23:07');
INSERT INTO messages (id, conversation_id, jeju_text, translated_text, timestamp) VALUES ('578', '64', '저건 왜 뜨는데 맨 마지막에 새끼 맞네 아니라고 아니라고 하게 뭔데 개를 봤네.', '제잘', '23:07');
INSERT INTO messages (id, conversation_id, jeju_text, translated_text, timestamp) VALUES ('579', '64', '계속 이 부분만 내가 번역을 하는 경우가 많다. 그래 그니까 이 문장만 그러면 바꿔버려 바꿀까 아니에요? 어르신이 이시면 더 수고하시죠.', '제잘', '23:07');
INSERT INTO messages (id, conversation_id, jeju_text, translated_text, timestamp) VALUES ('580', '64', NULL, NULL, '23:07');
INSERT INTO messages (id, conversation_id, jeju_text, translated_text, timestamp) VALUES ('581', '65', '여보세요.', '제잘', '07:32');
INSERT INTO messages (id, conversation_id, jeju_text, translated_text, timestamp) VALUES ('582', '65', '네 안녕하세요 사회복지센터에서 전화드렸습니다.', '제잘', '07:32');
INSERT INTO messages (id, conversation_id, jeju_text, translated_text, timestamp) VALUES ('583', '65', '기꽈 무사 나한테 전화했어.', '왜 저한테 전화하셨어요?', '07:32');
INSERT INTO messages (id, conversation_id, jeju_text, translated_text, timestamp) VALUES ('584', '65', '어르신 잘 지네고 계시는지 확인차 연락드렸어요. 어디 아픈 데는 없으시죠?', '제잘', '07:32');
INSERT INTO messages (id, conversation_id, jeju_text, translated_text, timestamp) VALUES ('585', '65', '요새 꽝이 아판', '요즘 뼈가 아파', '07:32');
INSERT INTO messages (id, conversation_id, jeju_text, translated_text, timestamp) VALUES ('586', '65', '꽝이요. 어디가 아프시다고요?', '제잘', '07:32');
INSERT INTO messages (id, conversation_id, jeju_text, translated_text, timestamp) VALUES ('587', '65', '꽝이 아프다고 꽝이 무신거엔 고람 신디 모르쿠겐', '뼈가 아프다고 뼈가 무엇인지 모르겠는데', '07:32');
INSERT INTO messages (id, conversation_id, jeju_text, translated_text, timestamp) VALUES ('588', '65', '뼈가 아프시다고요. 내일 같이 병원 가봐요.', '제잘', '07:32');
INSERT INTO messages (id, conversation_id, jeju_text, translated_text, timestamp) VALUES ('589', '65', '게매 마씸 고맙수다. 얼른 옵서게 근데 오늘 날씨는 어떤 하우꽈 맨도롱 하우꽈.', '그러게요. 감사합니다. 어서 오세요. 근데 오늘 날씨는 어떤가요? 따뜻한가요?', '07:32');
INSERT INTO messages (id, conversation_id, jeju_text, translated_text, timestamp) VALUES ('590', '65', '네. 오늘 날씨가 많이 덥네요.', '제잘', '07:32');
INSERT INTO messages (id, conversation_id, jeju_text, translated_text, timestamp) VALUES ('591', '65', '과랑 과랑혼 배띠 일호젠 혼난 소감정', '맑고 맑은 바다에서 일하고 싶은 마음', '07:32');
INSERT INTO messages (id, conversation_id, jeju_text, translated_text, timestamp) VALUES ('592', '65', '아니에요 어르신이 일하시느라 더 수고하시죠.', '아니라우 어르신이 일허시느랴 더 속암지우다.', '07:32');
INSERT INTO messages (id, conversation_id, jeju_text, translated_text, timestamp) VALUES ('593', '65', '여튼 고생했어. 들어갑사 얘. 네. 내일 뵐게요. 어떤데 지금 좀 더 빠른 것 같아.', '제잘', '07:32');
INSERT INTO messages (id, conversation_id, jeju_text, translated_text, timestamp) VALUES ('594', '65', '이 정도면 아까보다 훨씬 편할 것 같은. 이 해.', '제잘', '07:32');
INSERT INTO messages (id, conversation_id, jeju_text, translated_text, timestamp) VALUES ('595', '65', '저건 왜 뜨는데 맨 마지막에 새끼 맞네 아니라고 아니라고 하게 뭔데 개를 봤네.', '제잘', '07:32');
INSERT INTO messages (id, conversation_id, jeju_text, translated_text, timestamp) VALUES ('596', '65', '계속 이 부분만 내가 번역을 하는 경우가 많다. 그래 그니까 이 문장만 그러면 바꿔버려 바꿀까 아니에요? 어르신이 이시면 더 수고하시죠.', '제잘', '07:32');
INSERT INTO messages (id, conversation_id, jeju_text, translated_text, timestamp) VALUES ('597', '66', '그렇죠. 졸라 수고하고 있습니다. 이걸로 바꿔 그냥 뭐가 문젠데 그러니까 테스트를 하라고.', '제잘', '07:32');
INSERT INTO messages (id, conversation_id, jeju_text, translated_text, timestamp) VALUES ('598', '66', NULL, NULL, '07:32');
INSERT INTO messages (id, conversation_id, jeju_text, translated_text, timestamp) VALUES ('599', '66', NULL, NULL, '07:32');
INSERT INTO messages (id, conversation_id, jeju_text, translated_text, timestamp) VALUES ('600', '67', NULL, NULL, '07:33');
INSERT INTO messages (id, conversation_id, jeju_text, translated_text, timestamp) VALUES ('601', '67', NULL, NULL, '07:33');
INSERT INTO messages (id, conversation_id, jeju_text, translated_text, timestamp) VALUES ('602', '68', '여보세요', '제잘', '07:36');
INSERT INTO messages (id, conversation_id, jeju_text, translated_text, timestamp) VALUES ('603', '68', '네 안녕하세요 사회복지센터에서 전화드렸습니다.', '제잘', '07:36');
INSERT INTO messages (id, conversation_id, jeju_text, translated_text, timestamp) VALUES ('604', '68', '기이과 무사 나한테 전화 해마씸.', '왜 저에게 전화 하셨어요?', '07:36');
INSERT INTO messages (id, conversation_id, jeju_text, translated_text, timestamp) VALUES ('605', '68', '어르신 잘 지네고 계시는지 확인차 연락드렸어요. 어디 아픈 데는 없으시죠.', '제잘', '07:36');
INSERT INTO messages (id, conversation_id, jeju_text, translated_text, timestamp) VALUES ('606', '68', '모르겐 요새 꽝이 아판', '모르겠어요. 요즘 뼈가 아파요.', '07:36');
INSERT INTO messages (id, conversation_id, jeju_text, translated_text, timestamp) VALUES ('607', '68', '꽝이 아프단 꽝이 무신.', '뼈가 아프다는 뼈가 무슨.', '07:36');
INSERT INTO messages (id, conversation_id, jeju_text, translated_text, timestamp) VALUES ('608', '68', '고람 신디 몰로 그게', '그럼 그런데 모르고 그게', '07:37');
INSERT INTO messages (id, conversation_id, jeju_text, translated_text, timestamp) VALUES ('609', '68', '내일까지', '제잘', '07:37');
INSERT INTO messages (id, conversation_id, jeju_text, translated_text, timestamp) VALUES ('610', '68', '게매 마씸 고맙수.', '네. "게매 마씸 고맙수."는 "그러게요. 감사합니다."라는 뜻의 제주도 사투리입니다.', '07:37');
INSERT INTO messages (id, conversation_id, jeju_text, translated_text, timestamp) VALUES ('611', '68', '얼른 옵서게', '어서오세요', '07:37');
INSERT INTO messages (id, conversation_id, jeju_text, translated_text, timestamp) VALUES ('612', '68', '근데 오늘 날씨는 어떤 하우가 맨도롱 하우가.', '오늘 날씨는 따뜻한가요?', '07:37');
INSERT INTO messages (id, conversation_id, jeju_text, translated_text, timestamp) VALUES ('613', '68', '과랑 과랑혼 베띠 일호젠 혼난소감자', '햇빛이 쨍쨍한 날씨에 밭일을 하려니 고생이구나', '07:37');
INSERT INTO messages (id, conversation_id, jeju_text, translated_text, timestamp) VALUES ('614', '68', '네 열심히 일하시.', '제잘', '07:37');
INSERT INTO messages (id, conversation_id, jeju_text, translated_text, timestamp) VALUES ('615', '68', '여튼 고생했어 들어갑시다. 얘.', '제잘', '07:38');
INSERT INTO messages (id, conversation_id, jeju_text, translated_text, timestamp) VALUES ('616', '68', '폭싹 소가수다.', '편안히 주무세요.', '07:38');
INSERT INTO messages (id, conversation_id, jeju_text, translated_text, timestamp) VALUES ('617', '68', NULL, NULL, '07:38');
INSERT INTO messages (id, conversation_id, jeju_text, translated_text, timestamp) VALUES ('618', '69', '여보세요 네 안녕하세요.', '제잘', '07:40');
INSERT INTO messages (id, conversation_id, jeju_text, translated_text, timestamp) VALUES ('619', '69', '복지센터에서 전화드렸습니다. 기꽈 무사 나한테 전화 해마씸', '복지센터에서 전화드렸습니다. 괜찮으세요? 왜 저한테 전화 하셨어요?', '07:41');
INSERT INTO messages (id, conversation_id, jeju_text, translated_text, timestamp) VALUES ('620', '69', '예 어르신 잘 지네고 계시는지 확인차 연락드렸어요.', '제잘', '07:41');
INSERT INTO messages (id, conversation_id, jeju_text, translated_text, timestamp) VALUES ('621', '69', '어디 아픈 데는 없으시죠', '제잘', '07:41');
INSERT INTO messages (id, conversation_id, jeju_text, translated_text, timestamp) VALUES ('622', '69', '모르게 요새 광에 아판', '요새 뼈가 아파', '07:41');
INSERT INTO messages (id, conversation_id, jeju_text, translated_text, timestamp) VALUES ('623', '69', '꽝이요. 어디가 아프시다고요.', '뼈요. 어디가 아프시다고요.', '07:41');
INSERT INTO messages (id, conversation_id, jeju_text, translated_text, timestamp) VALUES ('624', '69', '꽝이 아프던 꽝이 무신거야. 고람 신디 모르크', '뼈가 아프다는 뼈가 무슨 말이야. 그럼 그런데 모르겠네', '07:41');
INSERT INTO messages (id, conversation_id, jeju_text, translated_text, timestamp) VALUES ('625', '69', '뼈가 아프시다고요. 내일 같이 병원 가보셔야겠어요.', '제잘', '07:41');
INSERT INTO messages (id, conversation_id, jeju_text, translated_text, timestamp) VALUES ('626', '69', '게매 말씀 고맙수다. 얼른 옵서게 근데 오늘.', '네. "게매 말씀 고맙수다. 얼른 옵서게 근데 오늘." 라는 제주도 사투리는 "그러게요 말씀 감사합니다. 어서오세요 그런데 오늘."이라는 표준어로 번역할 수 있습니다.', '07:42');
INSERT INTO messages (id, conversation_id, jeju_text, translated_text, timestamp) VALUES ('627', '69', '날씨는 어떤 하우꽈 맨도롱 하우꽈', '날씨는 어떤가요? 따뜻한가요?', '07:42');
INSERT INTO messages (id, conversation_id, jeju_text, translated_text, timestamp) VALUES ('628', '69', '오늘 날씨요.', '제잘', '07:42');
INSERT INTO messages (id, conversation_id, jeju_text, translated_text, timestamp) VALUES ('629', '69', NULL, NULL, '07:42');
INSERT INTO messages (id, conversation_id, jeju_text, translated_text, timestamp) VALUES ('630', '70', '여보세요.', '제잘', '07:44');
INSERT INTO messages (id, conversation_id, jeju_text, translated_text, timestamp) VALUES ('631', '70', '네 안녕하세요 사회복지센터에서 전화드렸습니다.', '제잘', '07:44');
INSERT INTO messages (id, conversation_id, jeju_text, translated_text, timestamp) VALUES ('632', '70', '기꽈 무사 나한테 전화 마심.', '왜 저한테 전화 안 하세요?', '07:44');
INSERT INTO messages (id, conversation_id, jeju_text, translated_text, timestamp) VALUES ('633', '70', '어르신 잘 지네고 계시는지 확인차 연락드렸어요. 어디 아픈 데는 없으시죠.', '제잘', '07:44');
INSERT INTO messages (id, conversation_id, jeju_text, translated_text, timestamp) VALUES ('634', '70', '모르겐 요새 꽉게 아판', '요즘 어깨가 아파요', '07:44');
INSERT INTO messages (id, conversation_id, jeju_text, translated_text, timestamp) VALUES ('635', '70', '꽝이에요.', '뼈예요.', '07:44');
INSERT INTO messages (id, conversation_id, jeju_text, translated_text, timestamp) VALUES ('636', '70', '어디가 아프시다고요', '제잘', '07:45');
INSERT INTO messages (id, conversation_id, jeju_text, translated_text, timestamp) VALUES ('637', '70', '꽝이 아프단 꽝이 무신거엔 고람 신디 모르크게.', '뼈가 아프다는 뼈가 무슨 것인지 모르고 계시네요.', '07:45');
INSERT INTO messages (id, conversation_id, jeju_text, translated_text, timestamp) VALUES ('638', '70', '뼈가 아프시다고요. 네. 같이 병원 가보셔야겠어요.', '제잘', '07:45');
INSERT INTO messages (id, conversation_id, jeju_text, translated_text, timestamp) VALUES ('639', '70', '게매 마씸 고맙수다. 얼른 옵서게 근데 오늘 날씨는 어떤 하우꽈 맨도롱 하우꽈.', '네. ''게매 마씸 고맙수다. 얼른 옵서게 근데 오늘 날씨는 어떤 하우꽈 맨도롱 하우꽈.'' 를 표준어로 번역하면 ''그러게요. 감사합니다. 어서오세요 그런데 오늘 날씨는 따뜻합니까?'' 입니다.', '07:45');
INSERT INTO messages (id, conversation_id, jeju_text, translated_text, timestamp) VALUES ('640', '70', '오늘 날씨가 많이 덥네요.', '제잘', '07:46');
INSERT INTO messages (id, conversation_id, jeju_text, translated_text, timestamp) VALUES ('641', '70', '거랑 거랑 혼배띠 읽어준 혼난 소감 좋아.', '함께 책을 읽은 후 느낀 소감이 좋다는 의미인 것 같습니다. 이를 좀 더 자연스러운 표현으로 바꾸면 다음과 같습니다.

- 함께 책을 읽고 난 후의 느낌이 좋다. 

제주도 방언에서 ''거랑''은 ''함께'' 라는 뜻이며, ''혼배띠''는 ''책''을 의미하며, ''혼난''은 ''읽다''란 뜻 입니다.', '07:46');
INSERT INTO messages (id, conversation_id, jeju_text, translated_text, timestamp) VALUES ('642', '70', NULL, NULL, '07:47');
INSERT INTO messages (id, conversation_id, jeju_text, translated_text, timestamp) VALUES ('643', '71', '여보세요.', '제잘', '08:06');
INSERT INTO messages (id, conversation_id, jeju_text, translated_text, timestamp) VALUES ('644', '71', '여보세요. 네. 안녕하세요 사회복지센터에서 전화드렸습니다.', '제잘', '08:07');
INSERT INTO messages (id, conversation_id, jeju_text, translated_text, timestamp) VALUES ('645', '71', '안녕하오가 무사 나한테 전화 입맛이.', '무슨 일로 저에게 전화하신 건가요?', '08:07');
INSERT INTO messages (id, conversation_id, jeju_text, translated_text, timestamp) VALUES ('646', '71', '여보세요.', '제잘', '08:07');
INSERT INTO messages (id, conversation_id, jeju_text, translated_text, timestamp) VALUES ('647', '71', '어르신 잘 지네고 계시는지.', '제잘', '08:07');
INSERT INTO messages (id, conversation_id, jeju_text, translated_text, timestamp) VALUES ('648', '71', '확인차 연락드렸어요. 어디 아픈 데는 없으시죠.', '제잘', '08:07');
INSERT INTO messages (id, conversation_id, jeju_text, translated_text, timestamp) VALUES ('649', '71', '기꽈 고맙수다.', '그렇습니까? 감사합니다.', '08:07');
INSERT INTO messages (id, conversation_id, jeju_text, translated_text, timestamp) VALUES ('650', '71', NULL, NULL, '08:08');
INSERT INTO messages (id, conversation_id, jeju_text, translated_text, timestamp) VALUES ('651', '72', '여보세요.', '제잘', '08:10');
INSERT INTO messages (id, conversation_id, jeju_text, translated_text, timestamp) VALUES ('652', '72', '네 안녕하세요 사회복지센터에서 전화드렸습니다.', '제잘', '08:10');
INSERT INTO messages (id, conversation_id, jeju_text, translated_text, timestamp) VALUES ('653', '72', '안녕하오가 무사 나한테 전화해 마심.', '안녕하세요가 왜 저한테 전화하셨어요?', '08:10');
INSERT INTO messages (id, conversation_id, jeju_text, translated_text, timestamp) VALUES ('654', '72', '아 어르신 잘 지네고 계시는지 확인차 연락드렸어요. 어디 아픈 데는 없으시죠', '제잘', '08:10');
INSERT INTO messages (id, conversation_id, jeju_text, translated_text, timestamp) VALUES ('655', '72', '모르겐 요새 꽝이 아판.', '모르겠어 요즘 뼈가 아파.', '08:10');
INSERT INTO messages (id, conversation_id, jeju_text, translated_text, timestamp) VALUES ('656', '72', '뼈가 어디가 아프시다고요? 뼈가 아프시다고요. 내일 같이 병원 가봐요.', '제잘', '08:11');
INSERT INTO messages (id, conversation_id, jeju_text, translated_text, timestamp) VALUES ('657', '72', '게매 마씸 고맙수다. 얼른 옵서게 근데 오늘 날씨는 어떤 하우꽈 맨도롱 하우꽈.', '그러게요. 감사합니다. 어서오세요 그런데 오늘 날씨는 어떤가요? 따뜻한가요?', '08:11');
INSERT INTO messages (id, conversation_id, jeju_text, translated_text, timestamp) VALUES ('658', '72', '네 오늘 날씨가 많이 덥네요.', '제잘', '08:11');
INSERT INTO messages (id, conversation_id, jeju_text, translated_text, timestamp) VALUES ('659', '72', '과랑 과랑혼 베띠 일호젠 오난소 감정.', '햇빛이 쨍쨍한 바다에 일하러 오니 기분이 상쾌해요.', '08:11');
INSERT INTO messages (id, conversation_id, jeju_text, translated_text, timestamp) VALUES ('660', '72', '그러세요 어르신들 일하시느라 수고하시네요.', '제잘', '08:11');
INSERT INTO messages (id, conversation_id, jeju_text, translated_text, timestamp) VALUES ('661', '72', '하여튼 고생인.', '하여튼 고생이네요.', '08:11');
INSERT INTO messages (id, conversation_id, jeju_text, translated_text, timestamp) VALUES ('662', '72', NULL, NULL, '08:12');
INSERT INTO messages (id, conversation_id, jeju_text, translated_text, timestamp) VALUES ('663', '73', '여보세요.', '제잘', '08:25');
INSERT INTO messages (id, conversation_id, jeju_text, translated_text, timestamp) VALUES ('664', '73', NULL, NULL, '08:25');
INSERT INTO messages (id, conversation_id, jeju_text, translated_text, timestamp) VALUES ('665', '74', '여보세요.', '제잘', '08:26');
INSERT INTO messages (id, conversation_id, jeju_text, translated_text, timestamp) VALUES ('666', '74', '지금 하는 거 아니었어.', '제잘', '08:26');
INSERT INTO messages (id, conversation_id, jeju_text, translated_text, timestamp) VALUES ('667', '74', NULL, NULL, '08:26');
INSERT INTO messages (id, conversation_id, jeju_text, translated_text, timestamp) VALUES ('668', '74', NULL, NULL, '08:26');
INSERT INTO messages (id, conversation_id, jeju_text, translated_text, timestamp) VALUES ('669', '75', '여보세요.', '제잘', '08:28');
INSERT INTO messages (id, conversation_id, jeju_text, translated_text, timestamp) VALUES ('670', '75', '네 안녕하세요 사회복지센터에서 전화드렸습니다.', '제잘', '08:28');
INSERT INTO messages (id, conversation_id, jeju_text, translated_text, timestamp) VALUES ('671', '75', '기꽈 무사 나한테 전화 해마심.', '왜 저한테 전화 하셨어요?', '08:28');
INSERT INTO messages (id, conversation_id, jeju_text, translated_text, timestamp) VALUES ('672', '75', '어르신 잘 지네고 계시는지 확인차 연락드렸어요. 어디 아픈 데는 없으시죠.', '제잘', '08:29');
INSERT INTO messages (id, conversation_id, jeju_text, translated_text, timestamp) VALUES ('673', '75', '모르겐 요새 꽝이 아판', '모르겠어요 요즘 뼈가 아파요', '08:29');
INSERT INTO messages (id, conversation_id, jeju_text, translated_text, timestamp) VALUES ('674', '75', '아니요 어디가 아프시다고요', '제잘', '08:29');
INSERT INTO messages (id, conversation_id, jeju_text, translated_text, timestamp) VALUES ('675', '75', '꽝이 아프단 꽝이 무신거엔.', '뼈가 아프다는 뼈가 무슨 거예요.', '08:29');
INSERT INTO messages (id, conversation_id, jeju_text, translated_text, timestamp) VALUES ('676', '75', '신디 뭐를 크게.', '신체 뭐를 크게?', '08:29');
INSERT INTO messages (id, conversation_id, jeju_text, translated_text, timestamp) VALUES ('677', '75', '뼈가 아프시다고요 내일 같이 병원 가봐요.', '제잘', '08:30');
INSERT INTO messages (id, conversation_id, jeju_text, translated_text, timestamp) VALUES ('678', '75', '개의 마씸 고맙수다. 근데 날씨는 어떤 가옥과 맨도롱 가옥과.', '네. 말씀하신 제주도 사투리는 "개의 말씀이 고맙습니다. 그런데 날씨는 어떤 집과 따뜻한 집과." 입니다.', '08:30');
INSERT INTO messages (id, conversation_id, jeju_text, translated_text, timestamp) VALUES ('679', '75', '걔가 잘렸어.', '제잘', '08:30');
INSERT INTO messages (id, conversation_id, jeju_text, translated_text, timestamp) VALUES ('680', '76', NULL, NULL, '08:30');
INSERT INTO messages (id, conversation_id, jeju_text, translated_text, timestamp) VALUES ('681', '76', NULL, NULL, '08:30');
INSERT INTO messages (id, conversation_id, jeju_text, translated_text, timestamp) VALUES ('682', '77', '그거 이거 시험 전에 어느 정도 말할 거야. 그래 말하는 게 좋을 것 같아. 솜이 들어가거나 쏘고 내리고', '제잘', '08:32');
INSERT INTO messages (id, conversation_id, jeju_text, translated_text, timestamp) VALUES ('683', '77', '아니 많이.', '제잘', '08:32');
INSERT INTO messages (id, conversation_id, jeju_text, translated_text, timestamp) VALUES ('684', '78', '여보세요.', '제잘', '08:33');
INSERT INTO messages (id, conversation_id, jeju_text, translated_text, timestamp) VALUES ('685', '78', '네 안녕하세요 사회복지센터에서 전화드렸습니다.', '제잘', '08:33');
INSERT INTO messages (id, conversation_id, jeju_text, translated_text, timestamp) VALUES ('686', '78', '기꽈 무사 나한테 전화해 마심.', '왜 저한테 전화하셨어요?', '08:33');
INSERT INTO messages (id, conversation_id, jeju_text, translated_text, timestamp) VALUES ('687', '78', '어르신 잘 지네고 계시는지 확인차 연락드렸어요. 어디 아픈 데는 없으시죠. 모르겐.', '제잘', '08:33');
INSERT INTO messages (id, conversation_id, jeju_text, translated_text, timestamp) VALUES ('688', '78', '요새 꽝이 아판', '요즘 뼈가 아파', '08:34');
INSERT INTO messages (id, conversation_id, jeju_text, translated_text, timestamp) VALUES ('689', '78', '새 이 아프 어디가 아프시다고요', '제잘', '08:34');
INSERT INTO messages (id, conversation_id, jeju_text, translated_text, timestamp) VALUES ('690', '78', '꽝이 아프단 꽝이.', '뼈가 아프다는 뼈가.', '08:34');
INSERT INTO messages (id, conversation_id, jeju_text, translated_text, timestamp) VALUES ('691', '78', '무신 거연 고람 신디 뭐를 크게', '무엇이기에 그렇게 크다고 하는 거야', '08:34');
INSERT INTO messages (id, conversation_id, jeju_text, translated_text, timestamp) VALUES ('692', '78', '뼈가 아프시다고요? 내일 같이 저랑 병원 가봐요.', '제잘', '08:34');
INSERT INTO messages (id, conversation_id, jeju_text, translated_text, timestamp) VALUES ('693', '78', '개명의 맛이.', '제잘', '08:34');
INSERT INTO messages (id, conversation_id, jeju_text, translated_text, timestamp) VALUES ('694', '78', '고맙수다. 근데 날씨는 어떤 하우꽈 맨도롱 하우꽈.', '감사합니다. 그런데 날씨는 어떤가요? 따뜻한가요?', '08:34');
INSERT INTO messages (id, conversation_id, jeju_text, translated_text, timestamp) VALUES ('695', '78', NULL, NULL, '08:34');
INSERT INTO messages (id, conversation_id, jeju_text, translated_text, timestamp) VALUES ('696', '78', NULL, NULL, '08:34');
INSERT INTO messages (id, conversation_id, jeju_text, translated_text, timestamp) VALUES ('697', '79', '여보세요.', '제잘', '08:37');
INSERT INTO messages (id, conversation_id, jeju_text, translated_text, timestamp) VALUES ('698', '79', '네 안녕하세요 사회복지센터에서 전화드렸습니다.', '제잘', '08:37');
INSERT INTO messages (id, conversation_id, jeju_text, translated_text, timestamp) VALUES ('699', '79', '기꽈 무사 나한테 전화 해마심.', '왜 저한테 전화 하셨어요?', '08:37');
INSERT INTO messages (id, conversation_id, jeju_text, translated_text, timestamp) VALUES ('700', '79', '어르신 잘 지네고 계시는지 확인차 연락드렸어요. 어디 아픈 데는 없으시죠.', '제잘', '08:37');
INSERT INTO messages (id, conversation_id, jeju_text, translated_text, timestamp) VALUES ('701', '79', '모르겐 요.', '제잘', '08:37');
INSERT INTO messages (id, conversation_id, jeju_text, translated_text, timestamp) VALUES ('702', '79', '꽝이 아판', '뼈가 아파', '08:38');
INSERT INTO messages (id, conversation_id, jeju_text, translated_text, timestamp) VALUES ('703', '79', '꽝이요 어디가 아프시다고요', '제잘', '08:38');
INSERT INTO messages (id, conversation_id, jeju_text, translated_text, timestamp) VALUES ('704', '79', '꽝이 아프단 꽝이 무신거 얜 고람신디 뭘로 크게.', '뼈가 아프다는 뼈가 무슨 것인지는 모르겠는데 뭘로 크게.', '08:38');
INSERT INTO messages (id, conversation_id, jeju_text, translated_text, timestamp) VALUES ('705', '79', '뼈가 아프시다고요? 저랑 내일 같이 병원 가봐요.', '제잘', '08:38');
INSERT INTO messages (id, conversation_id, jeju_text, translated_text, timestamp) VALUES ('706', '79', '게매 마씸 고맙수다. 근데 날씨는 어떤 하우꽈 맨도롱 하우꽈.', '그러게요. 감사합니다. 그런데 날씨는 어떤가요? 따뜻한가요?', '08:38');
INSERT INTO messages (id, conversation_id, jeju_text, translated_text, timestamp) VALUES ('707', '79', '네 오늘 날씨가 많이 덥네요.', '제잘', '08:38');
INSERT INTO messages (id, conversation_id, jeju_text, translated_text, timestamp) VALUES ('708', '79', '과랑 과랑혼 베띠 일호젠 호난 소감저.', '쨍쨍 햇볕이 내리쬐는 밭에서 일하려고 하니 수고한다.', '08:39');
INSERT INTO messages (id, conversation_id, jeju_text, translated_text, timestamp) VALUES ('709', '79', '아니에요 어르신이 일하시느라 더 수고하시죠.', '아니라우 어르신이 일허젠 허난 더 속암지라.', '08:39');
INSERT INTO messages (id, conversation_id, jeju_text, translated_text, timestamp) VALUES ('710', '79', '여튼 고생했어 들어가서 얘', '제잘', '08:39');
INSERT INTO messages (id, conversation_id, jeju_text, translated_text, timestamp) VALUES ('711', '79', '네 내일 뵐게요.', '제잘', '08:39');
INSERT INTO messages (id, conversation_id, jeju_text, translated_text, timestamp) VALUES ('712', '79', '폭싹 수고하시다.', '수고하셨습니다.', '08:39');
INSERT INTO messages (id, conversation_id, jeju_text, translated_text, timestamp) VALUES ('713', '79', NULL, NULL, '08:39');
INSERT INTO messages (id, conversation_id, jeju_text, translated_text, timestamp) VALUES ('714', '79', NULL, NULL, '08:39');
INSERT INTO messages (id, conversation_id, jeju_text, translated_text, timestamp) VALUES ('715', '80', '여보세요.', '제잘', '08:42');
INSERT INTO messages (id, conversation_id, jeju_text, translated_text, timestamp) VALUES ('716', '80', '네 안녕하세요 사회복지센터에서 전화드렸습니다.', '제잘', '08:42');
INSERT INTO messages (id, conversation_id, jeju_text, translated_text, timestamp) VALUES ('717', '80', '기꽈 무사 나한테 전화 해마씸.', '왜 저한테 전화 하셨어요?', '08:42');
INSERT INTO messages (id, conversation_id, jeju_text, translated_text, timestamp) VALUES ('718', '80', '어르신 잘 지네고 계시는지 확인차 연락드렸어요. 어디 아픈 데는 없으시죠. 모르겐.', '제잘', '08:42');
INSERT INTO messages (id, conversation_id, jeju_text, translated_text, timestamp) VALUES ('719', '80', '요새 꽝이 아판', '요즘 뼈가 아파', '08:43');
INSERT INTO messages (id, conversation_id, jeju_text, translated_text, timestamp) VALUES ('720', '80', '꽝이요 어디가 아프시다고요', '제잘', '08:43');
INSERT INTO messages (id, conversation_id, jeju_text, translated_text, timestamp) VALUES ('721', '80', '꽝이 아프단 꽝이 무신거엔 고람신디 몰르쿠게.', '뼈가 아프다는 뼈가 무슨 것인지 모르겠습니다.', '08:43');
INSERT INTO messages (id, conversation_id, jeju_text, translated_text, timestamp) VALUES ('722', '80', '뼈가 아프시다고요. 내일 같이 병원 가봐요. 매일 마씸.', '속암져가 아프댄 허염수게. 내일 가치 병언 가보게 마씸. 매일이우다.', '08:43');
INSERT INTO messages (id, conversation_id, jeju_text, translated_text, timestamp) VALUES ('723', '80', '고맙수다. 근데 날씨는 어떤 하우꽈 맨도롱 하우꽈.', '감사합니다. 그런데 날씨는 어떤가요? 따뜻한가요?', '08:43');
INSERT INTO messages (id, conversation_id, jeju_text, translated_text, timestamp) VALUES ('724', '80', '네 오늘 날씨가 많이 덥네요.', '제잘', '08:43');
INSERT INTO messages (id, conversation_id, jeju_text, translated_text, timestamp) VALUES ('725', '80', '과랑 과랑 혼 배티.', '쨍쨍 햇볕 속에 한 배티', '08:43');
INSERT INTO messages (id, conversation_id, jeju_text, translated_text, timestamp) VALUES ('726', '80', '아니 이거 끝나 감사합니다. 어르신', '제잘', '08:44');
INSERT INTO messages (id, conversation_id, jeju_text, translated_text, timestamp) VALUES ('727', '80', '몇.', '제잘', '08:44');
INSERT INTO messages (id, conversation_id, jeju_text, translated_text, timestamp) VALUES ('728', '80', NULL, NULL, '08:44');
INSERT INTO messages (id, conversation_id, jeju_text, translated_text, timestamp) VALUES ('729', '80', '네 내일 뵐게요.', '제잘', '08:44');
INSERT INTO messages (id, conversation_id, jeju_text, translated_text, timestamp) VALUES ('730', '81', '여보세요.', '제잘', '08:46');
INSERT INTO messages (id, conversation_id, jeju_text, translated_text, timestamp) VALUES ('731', '81', '네 안녕하세요 사회복지센터에서 전화드렸습니다.', '제잘', '08:46');
INSERT INTO messages (id, conversation_id, jeju_text, translated_text, timestamp) VALUES ('732', '81', '기꽈 무사 나한테 전화 마심.', '왜 저한테 전화 안 하셨어요?', '08:46');
INSERT INTO messages (id, conversation_id, jeju_text, translated_text, timestamp) VALUES ('733', '81', '어르신 잘 지네고 계시는지 확인차 연락드렸어요. 어디 아픈 데는 없으시죠?', '제잘', '08:46');
INSERT INTO messages (id, conversation_id, jeju_text, translated_text, timestamp) VALUES ('734', '81', '요새 꽝이 아판.', '요즘 뼈가 아파.', '08:46');
INSERT INTO messages (id, conversation_id, jeju_text, translated_text, timestamp) VALUES ('735', '81', '꽝이요 어디가 아프시다고요', '제잘', '08:47');
INSERT INTO messages (id, conversation_id, jeju_text, translated_text, timestamp) VALUES ('736', '81', '꽝이 아프단 무신거 옌 고람신디 뭘로 크게.', '뼈가 아프다는 무슨 일인데 그렇게 크게.', '08:47');
INSERT INTO messages (id, conversation_id, jeju_text, translated_text, timestamp) VALUES ('737', '81', '뼈가 아프시다고요. 저랑 내일 같이 병원 가봐요.', '제잘', '08:47');
INSERT INTO messages (id, conversation_id, jeju_text, translated_text, timestamp) VALUES ('738', '81', '게매 마씸 고맙.', '네. "게매 마씸 고맙"은 제주도 사투리로 "그러게요 감사합니다." 라는 뜻입니다.', '08:47');
INSERT INTO messages (id, conversation_id, jeju_text, translated_text, timestamp) VALUES ('739', '81', '근데 날씨는 어떤 하우꽈 맨도롱 하우꽈.', '날씨는 어떤가요? 따뜻한가요?', '08:47');
INSERT INTO messages (id, conversation_id, jeju_text, translated_text, timestamp) VALUES ('740', '81', '네 오늘 날씨가 많이 덥네요.', '제잘', '08:47');
INSERT INTO messages (id, conversation_id, jeju_text, translated_text, timestamp) VALUES ('741', '81', '과랑 과랑온 베띠 일호젠 호난소 감정.', '쨍쨍 햇볕이 내리쬐는 바다에서 일하려고 하니 걱정이다.', '08:48');
INSERT INTO messages (id, conversation_id, jeju_text, translated_text, timestamp) VALUES ('742', '81', '감사합니다 어르신', '제잘', '08:48');
INSERT INTO messages (id, conversation_id, jeju_text, translated_text, timestamp) VALUES ('743', '81', '여튼 고생인 들어가서 얘', '제잘', '08:48');
INSERT INTO messages (id, conversation_id, jeju_text, translated_text, timestamp) VALUES ('744', '81', '네 내일 뵐게요.', '제잘', '08:48');
INSERT INTO messages (id, conversation_id, jeju_text, translated_text, timestamp) VALUES ('745', '81', '복사.', '제잘', '08:48');
INSERT INTO messages (id, conversation_id, jeju_text, translated_text, timestamp) VALUES ('746', '81', NULL, NULL, '08:48');
INSERT INTO messages (id, conversation_id, jeju_text, translated_text, timestamp) VALUES ('747', '81', NULL, NULL, '08:48');
INSERT INTO messages (id, conversation_id, jeju_text, translated_text, timestamp) VALUES ('748', '82', NULL, NULL, '08:50');

